FieldHC,Repeat,Variant,Seconds,Iterations,FinalResidual,Converged,NNThreads,AllocatedCPUs,Node,PrepareSeconds,OriginalRepresentatives,EvaluatedInputs,ReferenceIterations,MaxAbsolute,MeanAbsolute,StepMaxAbsolute,StepMeanAbsolute,ResidualDifference,StepResidualDifference,Passed
3,1,paged,0.325616,22,0.00278148871869581,1,8,16,cs748,0.216922,1556,1172,22,0,0,0,0,0,0,1
3,2,paged,0.364949,22,0.00278148871869581,1,8,16,cs748,0.223981,1556,1172,22,0,0,0,0,0,0,1
3,3,paged,0.333101,22,0.00278148871869581,1,8,16,cs748,0.199338,1556,1172,22,0,0,0,0,0,0,1
3,4,paged,0.386274,22,0.00279470227347998,1,8,16,cs748,0.246008,1556,1172,22,0,0,0,0,0,0,1
3,5,paged,0.325233,22,0.00279146376699617,1,8,16,cs748,0.211683,1556,1172,22,0,0,0,0,0,0,1
3,6,paged,0.49771,22,0.00272025320418265,1,8,16,cs754,0.331107,1556,1172,22,0,0,0,0,0,0,1
3,7,paged,0.461436,22,0.00280149566716083,1,8,16,cs760,0.252895,1556,1172,22,0,0,0,0,0,0,1
3,8,paged,0.41995,22,0.00272501768143056,1,8,16,cs760,0.241503,1556,1172,22,0,0,0,0,0,0,1
3,9,paged,0.468983,22,0.00280019358620619,1,8,16,cs760,0.250035,1556,1172,22,0,0,0,0,0,0,1
3,10,paged,0.359507,22,0.00288410678010226,1,8,16,cs690,0.248905,1556,1172,22,0,0,0,0,0,0,1
3,11,paged,0.387978,22,0.00278946771841975,1,8,16,cs691,0.221356,1556,1172,22,0,0,0,0,0,0,1
3,12,paged,0.41797,22,0.00289606415405558,1,8,16,cs757,0.257411,1556,1172,22,0,0,0,0,0,0,1
3,13,paged,0.330492,22,0.00280021732080161,1,8,16,cs758,0.200548,1556,1172,22,0,0,0,0,0,0,1
3,14,paged,0.448112,22,0.00284706817571571,1,8,16,cs758,0.309625,1556,1172,22,0,0,0,0,0,0,1
3,15,paged,0.403967,22,0.00278556815758555,1,8,16,cs765,0.236728,1556,1172,22,0,0,0,0,0,0,1
3,16,paged,0.311592,22,0.00279416726110289,1,8,16,cs766,0.196229,1556,1172,22,0,0,0,0,0,0,1
3,17,paged,0.347333,22,0.00293222758915301,1,8,16,cs715,0.211604,1556,1172,22,0,0,0,0,0,0,1
3,18,paged,0.430921,22,0.0028633511941318,1,8,16,cs732,0.270918,1556,1172,22,0,0,0,0,0,0,1
3,19,paged,0.38179,22,0.00281279018948347,1,8,16,cs754,0.234258,1556,1172,22,0,0,0,0,0,0,1
3,20,paged,0.417318,22,0.00277796126039214,1,8,16,cs757,0.251474,1556,1172,22,0,0,0,0,0,0,1
3,21,paged,0.346975,22,0.00282639893386243,1,8,16,cs784,0.239759,1556,1172,22,0,0,0,0,0,0,1
3,22,paged,0.399591,22,0.00280717782775839,1,8,16,cs711,0.279251,1556,1172,22,0,0,0,0,0,0,1
3,23,paged,0.350749,22,0.00276208812747785,1,8,16,cs712,0.20449,1556,1172,22,0,0,0,0,0,0,1
3,24,paged,0.46412,22,0.00276774377031179,1,8,16,cs760,0.25975,1556,1172,22,0,0,0,0,0,0,1
3,25,paged,0.305774,22,0.00278486016009367,1,8,16,cs761,0.185797,1556,1172,22,0,0,0,0,0,0,1
3,26,paged,0.426293,22,0.00276480245484999,1,8,16,cs765,0.297621,1556,1172,22,0,0,0,0,0,0,1
3,27,paged,0.320434,22,0.00279090628080165,1,8,16,cs766,0.208155,1556,1172,22,0,0,0,0,0,0,1
3,28,paged,0.364204,22,0.00283717846633975,1,8,16,cs623,0.231525,1556,1172,22,0,0,0,0,0,0,1
3,29,paged,0.306929,22,0.00271501777180515,1,8,16,cs661,0.184674,1556,1172,22,0,0,0,0,0,0,1
3,30,paged,0.338406,22,0.00282398000285929,1,8,16,cs671,0.204583,1556,1172,22,0,0,0,0,0,0,1
3,31,paged,0.462986,22,0.00287111244133827,1,8,16,cs673,0.260473,1556,1172,22,0,0,0,0,0,0,1
3,32,paged,0.425262,22,0.00280960428868856,1,8,16,cs682,0.288278,1556,1172,22,0,0,0,0,0,0,1
3,33,paged,0.321027,22,0.00282512986052937,1,8,16,cs688,0.228475,1556,1172,22,0,0,0,0,0,0,1
3,34,paged,0.88104,22,0.00275260787550953,1,8,16,cs699,0.221649,1556,1172,22,0,0,0,0,0,0,1
3,35,paged,0.271027,22,0.00281723998416609,1,8,16,cs699,0.18552,1556,1172,22,0,0,0,0,0,0,1
3,36,paged,0.343224,22,0.00277747569323089,1,8,16,cs715,0.213149,1556,1172,22,0,0,0,0,0,0,1
3,37,paged,0.400297,22,0.00278430178892951,1,8,16,cs721,0.208449,1556,1172,22,0,0,0,0,0,0,1
3,38,paged,0.394599,22,0.00275131497088876,1,8,16,cs732,0.260934,1556,1172,22,0,0,0,0,0,0,1
3,39,paged,0.32688,22,0.00283351205891626,1,8,16,cs745,0.212507,1556,1172,22,0,0,0,0,0,0,1
3,40,paged,0.376519,22,0.00278343225523552,1,8,16,cs754,0.225393,1556,1172,22,0,0,0,0,0,0,1
3,41,paged,0.396329,22,0.00285483968162499,1,8,16,cs757,0.231273,1556,1172,22,0,0,0,0,0,0,1
3,42,paged,0.325541,22,0.00294476773080415,1,8,16,cs777,0.444827,1556,1172,22,0,0,0,0,0,0,1
3,43,paged,0.268881,22,0.00278415619772766,1,8,16,cs777,0.179822,1556,1172,22,0,0,0,0,0,0,1
3,44,paged,0.464542,22,0.00283711352366176,1,8,16,cs630,0.283183,1556,1172,22,0,0,0,0,0,0,1
3,45,paged,0.273895,22,0.00280418520094215,1,8,16,cs671,0.174293,1556,1172,22,0,0,0,0,0,0,1
3,46,paged,0.467012,22,0.0028625689755361,1,8,16,cs673,0.260521,1556,1172,22,0,0,0,0,0,0,1
3,47,paged,0.28905,22,0.00283986299101157,1,8,16,cs688,0.190959,1556,1172,22,0,0,0,0,0,0,1
3,48,paged,0.262637,22,0.00286788733082649,1,8,16,cs699,0.194145,1556,1172,22,0,0,0,0,0,0,1
3,49,paged,0.309275,22,0.00275997253354085,1,8,16,cs699,0.18318,1556,1172,22,0,0,0,0,0,0,1
3,50,paged,0.352684,22,0.00278025810215879,1,8,16,cs715,0.207105,1556,1172,22,0,0,0,0,0,0,1
3,51,paged,0.44933,22,0.0028034883012194,1,8,16,cs718,0.258691,1556,1172,22,0,0,0,0,0,0,1
3,52,paged,0.447753,22,0.0028800193194181,1,8,16,cs718,0.275951,1556,1172,22,0,0,0,0,0,0,1
3,53,paged,0.360604,22,0.00283967307830827,1,8,16,cs721,0.200945,1556,1172,22,0,0,0,0,0,0,1
3,54,paged,0.356561,22,0.00278054872236857,1,8,16,cs723,0.243769,1556,1172,22,0,0,0,0,0,0,1
3,55,paged,0.316938,22,0.00289082602851137,1,8,16,cs732,0.204612,1556,1172,22,0,0,0,0,0,0,1
3,56,paged,0.336604,22,0.00281518892706603,1,8,16,cs745,0.224037,1556,1172,22,0,0,0,0,0,0,1
3,57,paged,0.319222,22,0.00281688798002284,1,8,16,cs745,0.219419,1556,1172,22,0,0,0,0,0,0,1
3,58,paged,0.363641,22,0.00274977518819549,1,8,16,cs745,0.239756,1556,1172,22,0,0,0,0,0,0,1
3,59,paged,0.409371,22,0.00283342067223902,1,8,16,cs757,0.251624,1556,1172,22,0,0,0,0,0,0,1
3,60,paged,0.555471,22,0.00275608876027883,1,8,16,cs623,0.304072,1556,1172,22,0,0,0,0,0,0,1
3,61,paged,0.296118,22,0.00276815656860775,1,8,16,cs661,0.194588,1556,1172,22,0,0,0,0,0,0,1
3,62,paged,0.313651,22,0.00284412273422778,1,8,16,cs661,0.20176,1556,1172,22,0,0,0,0,0,0,1
3,63,paged,0.289265,22,0.00285782243404027,1,8,16,cs667,0.206982,1556,1172,22,0,0,0,0,0,0,1
3,64,paged,0.387422,22,0.00276692883457035,1,8,16,cs669,0.259075,1556,1172,22,0,0,0,0,0,0,1
3,65,paged,0.27872,22,0.00275601226869568,1,8,16,cs671,0.176234,1556,1172,22,0,0,0,0,0,0,1
3,66,paged,0.485933,22,0.00276841936602249,1,8,16,cs673,0.278187,1556,1172,22,0,0,0,0,0,0,1
3,67,paged,0.277268,22,0.00276614062785644,1,8,16,cs688,0.192455,1556,1172,22,0,0,0,0,0,0,1
3,68,paged,0.287722,22,0.00279650552458045,1,8,16,cs699,0.177956,1556,1172,22,0,0,0,0,0,0,1
3,69,paged,0.321508,22,0.00280275821843446,1,8,16,cs699,0.20075,1556,1172,22,0,0,0,0,0,0,1
3,70,paged,0.341737,22,0.0028482983153806,1,8,16,cs715,0.203608,1556,1172,22,0,0,0,0,0,0,1
3,71,paged,0.457854,22,0.00282575546424562,1,8,16,cs718,0.250815,1556,1172,22,0,0,0,0,0,0,1
3,72,paged,0.453689,22,0.00275291127983489,1,8,16,cs718,0.252778,1556,1172,22,0,0,0,0,0,0,1
3,73,paged,0.341247,22,0.00273806533041943,1,8,16,cs721,0.209301,1556,1172,22,0,0,0,0,0,0,1
3,74,paged,0.34408,22,0.00274552076106681,1,8,16,cs723,0.229113,1556,1172,22,0,0,0,0,0,0,1
3,75,paged,1.524985,22,0.00279465413114531,1,8,16,cs723,0.186402,1556,1172,22,0,0,0,0,0,0,1
3,76,paged,0.497352,22,0.00289366779599241,1,8,16,cs607,0.313484,1556,1172,22,0,0,0,0,0,0,1
3,77,paged,0.299877,22,0.00280319024925066,1,8,16,cs628,0.183488,1556,1172,22,0,0,0,0,0,0,1
3,78,paged,0.356103,22,0.00285518629823809,1,8,16,cs633,0.206828,1556,1172,22,0,0,0,0,0,0,1
3,79,paged,0.34107,22,0.0027686411294584,1,8,16,cs661,0.210933,1556,1172,22,0,0,0,0,0,0,1
3,80,paged,0.292416,22,0.0029127075002813,1,8,16,cs661,0.180956,1556,1172,22,0,0,0,0,0,0,1
3,81,paged,0.281661,22,0.00277806200448448,1,8,16,cs667,0.19116,1556,1172,22,0,0,0,0,0,0,1
3,82,paged,0.497743,22,0.00274827850553544,1,8,16,cs673,0.281004,1556,1172,22,0,0,0,0,0,0,1
3,83,paged,0.309176,22,0.00277593807030283,1,8,16,cs688,0.189707,1556,1172,22,0,0,0,0,0,0,1
3,84,paged,0.476332,22,0.0027780884746337,1,8,16,cs693,0.271323,1556,1172,22,0,0,0,0,0,0,1
3,85,paged,0.329464,22,0.00273965411108416,1,8,16,cs699,0.46214,1556,1172,22,0,0,0,0,0,0,1
3,86,paged,0.299382,22,0.00280755644051209,1,8,16,cs699,0.215481,1556,1172,22,0,0,0,0,0,0,1
3,87,paged,0.291171,22,0.00286035800559034,1,8,16,cs708,0.178578,1556,1172,22,0,0,0,0,0,0,1
3,88,paged,0.2832,22,0.00285809565637657,1,8,16,cs708,0.191547,1556,1172,22,5.11178299689163e-08,1.89325296181172e-11,1.25885009794047e-06,4.66240777014988e-10,4.97922016118313e-13,1.72488412442107e-11,1
3,89,paged,0.331399,22,0.00288363889175665,1,8,16,cs715,0.198215,1556,1172,22,0,0,0,0,0,0,1
3,90,paged,0.355888,22,0.00277705109516978,1,8,16,cs715,0.221622,1556,1172,22,0,0,0,0,0,0,1
3,91,paged,0.343973,22,0.00279438166430535,1,8,16,cs715,0.212184,1556,1172,22,0,0,0,0,0,0,1
3,92,paged,0.303925,22,0.00280569563038793,1,8,16,cs643,0.215165,1556,1172,22,0,0,0,0,0,0,1
3,93,paged,0.373323,22,0.00275199291819107,1,8,16,cs693,0.240229,1556,1172,22,0,0,0,0,0,0,1
3,94,paged,0.346777,22,0.00283299122552015,1,8,16,cs708,0.210785,1556,1172,22,0,0,0,0,0,0,1
3,95,paged,0.342531,22,0.0027341911339162,1,8,16,cs733,0.196168,1556,1172,22,0,0,0,0,0,0,1
3,96,paged,0.381081,22,0.00283906032645518,1,8,16,cs733,0.251039,1556,1172,22,0,0,0,0,0,0,1
3,97,paged,0.459812,22,0.00284040460944089,1,8,16,cs733,0.270031,1556,1172,22,0,0,0,0,0,0,1
3,98,paged,0.460247,22,0.0028513041300658,1,8,16,cs736,0.320256,1556,1172,22,0,0,0,0,0,0,1
3,99,paged,0.309243,22,0.00280966932277056,1,8,16,cs736,0.190339,1556,1172,22,0,0,0,0,0,0,1
3,100,paged,1.209699,22,0.00286666493003636,1,8,16,cs739,0.246294,1556,1172,22,0,0,0,0,0,0,1
