FieldHC,Repeat,Method,Iterations,Seconds,Converged,FinalResidual,Checksum,NNThreads,AllocatedCPUs,Node
3,1,DNN surrogate,22,0.48504,1,0.00278148871869581,81797.1998029582,8,16,cs653
3,2,DNN surrogate,22,0.44495,1,0.00278148871869581,81797.1998029582,8,16,cs671
3,3,DNN surrogate,22,0.659865,1,0.00278148871869581,81797.1998029582,8,16,cs673
3,4,DNN surrogate,22,0.516639,1,0.00279470227347998,81810.2353188883,8,16,cs677
3,5,DNN surrogate,22,0.463774,1,0.00279146376699617,81791.0952288495,8,16,cs681
3,6,DNN surrogate,22,0.48203,1,0.00272025320418265,81836.7673082179,8,16,cs699
3,7,DNN surrogate,22,0.380045,1,0.00280149566716083,81816.0546773803,8,16,cs699
3,8,DNN surrogate,22,0.45315,1,0.00272501768143056,81843.9544403598,8,16,cs736
3,9,DNN surrogate,22,1.270455,1,0.00280019358620619,81808.5288955449,8,16,cs736
3,10,DNN surrogate,22,0.360045,1,0.00288410678010226,81773.2404056545,8,16,cs736
3,11,DNN surrogate,22,0.423489,1,0.00278946771841975,81856.1784116596,8,16,cs744
3,12,DNN surrogate,22,0.426572,1,0.00289606415405558,81724.1873760887,8,16,cs749
3,13,DNN surrogate,22,0.668209,1,0.00280021732080161,81798.2436802306,8,16,cs754
3,14,DNN surrogate,22,0.500405,1,0.00284706817571571,81772.4014775135,8,16,cs757
3,15,DNN surrogate,22,0.391232,1,0.00278556815758555,81778.5222795913,8,16,cs769
3,16,DNN surrogate,22,0.457899,1,0.00279416726110289,81806.5376871532,8,16,cs769
3,17,DNN surrogate,22,0.490123,1,0.00293222758915301,81736.1571040363,8,16,cs616
3,18,DNN surrogate,22,0.596018,1,0.0028633511941318,81753.7094789026,8,16,cs626
3,19,DNN surrogate,22,0.510863,1,0.00281279018948347,81783.2155563309,8,16,cs654
3,20,DNN surrogate,22,0.5338,1,0.00277796126039214,81904.6033507022,8,16,cs671
3,21,DNN surrogate,22,0.560467,1,0.00282639893386243,81778.5917150123,8,16,cs682
3,22,DNN surrogate,22,0.326166,1,0.00280717782775839,81799.0871679156,8,16,cs688
3,23,DNN surrogate,22,0.505833,1,0.00276208812747785,81838.5854322406,8,16,cs690
3,24,DNN surrogate,22,0.463337,1,0.00276774377031179,81810.2968451252,8,16,cs702
3,25,DNN surrogate,22,0.679412,1,0.00278486016009367,81828.453243297,8,16,cs708
3,26,DNN surrogate,22,0.421588,1,0.00276480245484999,81838.2815877765,8,16,cs718
3,27,DNN surrogate,22,0.379024,1,0.00279090628080165,81863.6924683285,8,16,cs736
3,28,DNN surrogate,22,0.461024,1,0.00283717846633975,81862.4881937921,8,16,cs741
3,29,DNN surrogate,22,0.404477,1,0.00271501777180515,81895.5368265427,8,16,cs744
3,30,DNN surrogate,22,0.437185,1,0.00282398000285929,81783.3128554443,8,16,cs749
3,31,DNN surrogate,22,0.538913,1,0.00287111244133827,81762.0506586255,8,16,cs757
3,32,DNN surrogate,22,0.506201,1,0.00280960428868856,81778.9513548444,8,16,cs763
3,33,DNN surrogate,22,0.692607,1,0.00282512986052937,81773.1608391582,8,16,cs636
3,34,DNN surrogate,22,0.42806,1,0.00275260787550953,81863.315831956,8,16,cs655
3,35,DNN surrogate,22,0.430317,1,0.00281723998416609,81773.1662228505,8,16,cs655
3,36,DNN surrogate,22,0.378659,1,0.00277747569323089,81830.3201964306,8,16,cs661
3,37,DNN surrogate,22,0.389025,1,0.00278430178892951,81854.1313290099,8,16,cs664
3,38,DNN surrogate,22,0.541154,1,0.00275131497088876,81814.7067747852,8,16,cs667
3,39,DNN surrogate,22,0.409927,1,0.00283351205891626,81814.0489261304,8,16,cs736
3,40,DNN surrogate,22,0.369231,1,0.00278343225523552,81803.8416068593,8,16,cs744
3,41,DNN surrogate,22,0.632037,1,0.00285483968162499,81736.5463199088,8,16,cs760
3,42,DNN surrogate,22,0.453184,1,0.00294476773080415,81699.2105825539,8,16,cs776
3,43,DNN surrogate,22,0.437602,1,0.00278415619772766,81801.4942288076,8,16,cs783
3,44,DNN surrogate,22,0.582053,1,0.00283711352366176,81792.6857906617,8,16,cs642
3,45,DNN surrogate,22,0.338146,1,0.00280418520094215,81809.8875936869,8,16,cs643
3,46,DNN surrogate,22,0.550776,1,0.0028625689755361,81723.2716519691,8,16,cs673
3,47,DNN surrogate,22,0.59047,1,0.00283986299101157,81780.3921641049,8,16,cs674
3,48,DNN surrogate,22,0.554421,1,0.00286788733082649,81766.809007094,8,16,cs682
3,49,DNN surrogate,22,0.392603,1,0.00275997253354085,81791.7999585218,8,16,cs629
3,50,DNN surrogate,22,0.356331,1,0.00278025810215879,81796.5232597652,8,16,cs643
3,51,DNN surrogate,22,0.423974,1,0.0028034883012194,81803.5433233745,8,16,cs665
3,52,DNN surrogate,22,0.439257,1,0.0028800193194181,81773.0811584041,8,16,cs670
3,53,DNN surrogate,22,0.535947,1,0.00283967307830827,81765.7999452499,8,16,cs673
3,54,DNN surrogate,22,0.316826,1,0.00278054872236857,81810.6504233867,8,16,cs688
3,55,DNN surrogate,22,0.456466,1,0.00289082602851137,81746.4119475004,8,16,cs710
3,56,DNN surrogate,22,0.47066,1,0.00281518892706603,81803.0213300343,8,16,cs763
3,57,DNN surrogate,22,0.441056,1,0.00281688798002284,81799.8536659204,8,16,cs774
3,58,DNN surrogate,22,0.452048,1,0.00274977518819549,81835.3882903618,8,16,cs783
3,59,DNN surrogate,22,0.401728,1,0.00283342067223902,81768.5218409302,8,16,cs734
3,60,DNN surrogate,22,0.49596,1,0.00275608876027883,81822.5131777719,8,16,cs735
3,61,DNN surrogate,22,0.386523,1,0.00276815656860775,81825.0842981255,8,16,cs752
3,62,DNN surrogate,22,0.394387,1,0.00284412273422778,81748.5149552645,8,16,cs753
3,63,DNN surrogate,22,0.355364,1,0.00285782243404027,81771.5370352412,8,16,cs748
3,64,DNN surrogate,22,0.789857,1,0.00276692883457035,81835.6482937515,8,16,cs749
3,65,DNN surrogate,22,0.632526,1,0.00275601226869568,81830.7549330948,8,16,cs602
3,66,DNN surrogate,22,0.374781,1,0.00276841936602249,81859.0427969858,8,16,cs629
3,67,DNN surrogate,22,0.343874,1,0.00276614062785644,81861.5933335549,8,16,cs643
3,68,DNN surrogate,22,0.356067,1,0.00279650552458045,81805.6765423859,8,16,cs646
3,69,DNN surrogate,22,0.401295,1,0.00280275821843446,81809.1178238121,8,16,cs665
3,70,DNN surrogate,22,0.465006,1,0.0028482983153806,81815.1620014042,8,16,cs673
3,71,DNN surrogate,22,0.335915,1,0.00282575546424562,81770.8297585306,8,16,cs688
3,72,DNN surrogate,22,0.445295,1,0.00275291127983489,81847.3058432704,8,16,cs710
3,73,DNN surrogate,22,0.472152,1,0.00273806533041943,81882.5422933237,8,16,cs713
3,74,DNN surrogate,22,0.509128,1,0.00274552076106681,81889.0803923558,8,16,cs763
3,75,DNN surrogate,22,0.407861,1,0.00279465413114531,81822.7603991252,8,16,cs774
3,76,DNN surrogate,22,0.343209,1,0.00289366779599241,81801.8200664454,8,16,cs776
3,77,DNN surrogate,22,0.387605,1,0.00280319024925066,81780.9150082852,8,16,cs783
3,78,DNN surrogate,22,0.502263,1,0.00285518629823809,81778.9914296168,8,16,cs669
3,79,DNN surrogate,22,0.391292,1,0.0027686411294584,81790.033621194,8,16,cs670
3,80,DNN surrogate,22,0.485915,1,0.0029127075002813,81713.4991617408,8,16,cs734
3,81,DNN surrogate,22,0.399472,1,0.00277806200448448,81809.7237362091,8,16,cs776
3,82,DNN surrogate,22,0.37461,1,0.00274827850553544,81838.9078722453,8,16,cs783
3,83,DNN surrogate,22,0.518335,1,0.00277593807030283,81788.6456965995,8,16,cs636
3,84,DNN surrogate,22,0.600595,1,0.0027780884746337,81790.5680561293,8,16,cs653
3,85,DNN surrogate,22,0.494351,1,0.00273965411108416,81857.2339376156,8,16,cs663
3,86,DNN surrogate,22,0.58047,1,0.00280755644051209,81794.4719694653,8,16,cs667
3,87,DNN surrogate,22,0.388008,1,0.00286035800559034,81777.8891705289,8,16,cs684
3,88,DNN surrogate,22,0.335505,1,0.0028580956568745,81763.6950668936,8,16,cs688
3,89,DNN surrogate,22,0.439239,1,0.00288363889175665,81719.9805633951,8,16,cs702
3,90,DNN surrogate,22,0.582366,1,0.00277705109516978,81807.1379952374,8,16,cs705
3,91,DNN surrogate,22,0.472543,1,0.00279438166430535,81809.2703771209,8,16,cs712
3,92,DNN surrogate,22,0.489356,1,0.00280569563038793,81797.1640346876,8,16,cs719
3,93,DNN surrogate,22,0.44861,1,0.00275199291819107,81824.2363264454,8,16,cs723
3,94,DNN surrogate,22,0.392758,1,0.00283299122552015,81759.7180969427,8,16,cs776
3,95,DNN surrogate,22,0.478974,1,0.0027341911339162,81810.1743676393,8,16,cs782
3,96,DNN surrogate,22,0.3839,1,0.00283906032645518,81795.9268633463,8,16,cs783
3,97,DNN surrogate,22,0.442682,1,0.00284040460944089,81763.4184444498,8,16,cs663
3,98,DNN surrogate,22,0.366274,1,0.0028513041300658,81735.1753101014,8,16,cs679
3,99,DNN surrogate,22,0.376188,1,0.00280966932277056,81764.1656898586,8,16,cs684
3,100,DNN surrogate,22,0.415583,1,0.00286666493003636,81755.5766427792,8,16,cs687
