FieldHC,Method,SampleWithinGroup,Seconds
3,CG,1,113.716973
3,CG,2,104.441659
3,CG,3,121.748186
3,CG,4,109.417232
3,CG,5,141.260863
3,CG,6,142.165383
3,CG,7,166.321675
3,CG,8,102.196643
3,CG,9,112.020571
3,CG,10,104.155172
3,CG,11,106.305169
3,CG,12,146.784111
3,CG,13,100.85329
3,CG,14,90.401663
3,CG,15,160.329647
3,CG,16,162.637435
3,CG,17,102.661906
3,CG,18,130.096715
3,CG,19,110.360908
3,CG,20,142.541763
3,CG,21,129.869404
3,CG,22,131.396113
3,CG,23,102.097626
3,CG,24,106.081131
3,CG,25,98.003549
3,CG,26,119.34334
3,CG,27,117.596788
3,CG,28,121.600942
3,CG,29,200.601561
3,CG,30,203.643524
3,CG,31,205.367216
3,CG,32,127.867958
3,CG,33,125.176283
3,CG,34,108.521894
3,CG,35,106.198064
3,CG,36,114.541471
3,CG,37,146.550463
3,CG,38,103.416172
3,CG,39,106.169178
3,CG,40,171.045294
3,CG,41,124.110884
3,CG,42,109.033671
3,CG,43,112.089405
3,CG,44,125.777353
3,CG,45,104.631058
3,CG,46,103.138994
3,CG,47,141.744951
3,CG,48,107.147911
3,CG,49,108.519838
3,CG,50,103.120351
3,CG,51,105.689993
3,CG,52,113.982982
3,CG,53,141.438249
3,CG,54,101.540026
3,CG,55,111.769426
3,CG,56,110.14711
3,CG,57,127.513313
3,CG,58,92.205845
3,CG,59,111.410616
3,CG,60,86.493661
3,CG,61,111.233438
3,CG,62,111.875276
3,CG,63,99.944019
3,CG,64,115.892832
3,CG,65,117.748806
3,CG,66,114.763846
3,CG,67,132.320913
3,CG,68,143.140921
3,CG,69,116.151942
3,CG,70,104.198415
3,CG,71,102.777967
3,CG,72,129.123377
3,CG,73,122.513645
3,CG,74,216.864744
3,CG,75,110.1683
3,CG,76,101.491261
3,CG,77,101.474383
3,CG,78,101.377314
3,CG,79,105.268468
3,CG,80,110.07951
3,CG,81,108.742733
3,CG,82,105.796748
3,CG,83,102.049724
3,CG,84,103.187131
3,CG,85,103.375827
3,CG,86,103.983774
3,CG,87,104.77218
3,CG,88,125.363308
3,CG,89,124.242755
3,CG,90,137.252207
3,CG,91,97.664397
3,CG,92,142.415319
3,CG,93,97.251858
3,CG,94,170.628588
3,CG,95,124.256507
3,CG,96,92.20496
3,CG,97,113.753467
3,CG,98,98.561243
3,CG,99,97.542602
3,CG,100,97.580032
4,CG,1,73.154591
4,CG,2,138.946187
4,CG,3,123.620609
4,CG,4,75.646631
4,CG,5,82.714917
4,CG,6,81.399509
4,CG,7,98.765216
4,CG,8,75.820226
4,CG,9,81.071087
4,CG,10,172.884819
4,CG,11,128.346245
4,CG,12,73.661869
4,CG,13,82.711225
4,CG,14,82.92462
4,CG,15,144.217473
4,CG,16,145.318466
4,CG,17,85.672221
4,CG,18,88.334959
4,CG,19,109.672586
4,CG,20,144.857973
4,CG,21,103.078356
4,CG,22,79.644387
4,CG,23,104.488155
4,CG,24,95.393907
4,CG,25,113.775628
4,CG,26,107.852464
4,CG,27,100.508946
4,CG,28,92.561664
4,CG,29,82.384207
4,CG,30,80.370543
4,CG,31,90.135706
4,CG,32,81.505773
4,CG,33,92.827839
4,CG,34,91.674097
4,CG,35,99.057528
4,CG,36,85.938241
4,CG,37,107.707333
4,CG,38,99.572494
4,CG,39,96.756342
4,CG,40,84.252325
4,CG,41,80.313255
4,CG,42,89.820203
4,CG,43,176.782786
4,CG,44,102.146643
4,CG,45,95.638396
4,CG,46,86.534496
4,CG,47,105.774041
4,CG,48,87.696682
4,CG,49,93.043865
4,CG,50,121.9285
4,CG,51,107.460815
4,CG,52,120.304582
4,CG,53,107.743081
4,CG,54,117.664096
4,CG,55,108.447786
4,CG,56,110.677343
4,CG,57,85.366159
4,CG,58,94.381309
4,CG,59,108.290838
4,CG,60,90.03681
4,CG,61,91.925586
4,CG,62,84.088139
4,CG,63,110.188956
4,CG,64,98.379178
4,CG,65,106.791197
4,CG,66,92.98036
4,CG,67,88.774428
4,CG,68,109.169365
4,CG,69,102.469611
4,CG,70,93.926076
4,CG,71,92.840788
4,CG,72,103.256946
4,CG,73,118.694421
4,CG,74,79.487449
4,CG,75,98.825473
4,CG,76,91.011375
4,CG,77,96.185907
4,CG,78,98.201616
4,CG,79,108.541366
4,CG,80,87.182786
4,CG,81,86.406615
4,CG,82,84.829449
4,CG,83,111.328743
4,CG,84,83.19044
4,CG,85,97.960612
4,CG,86,95.418295
4,CG,87,99.02801
4,CG,88,91.276066
4,CG,89,107.852884
4,CG,90,86.280513
4,CG,91,79.348835
4,CG,92,75.053924
4,CG,93,86.601122
4,CG,94,89.800187
4,CG,95,111.57046
4,CG,96,86.744435
4,CG,97,94.50048
4,CG,98,90.592278
4,CG,99,97.313014
4,CG,100,79.604118
6,CG,1,92.183744
6,CG,2,91.360603
6,CG,3,96.457524
6,CG,4,107.582917
6,CG,5,130.971295
6,CG,6,122.818909
6,CG,7,126.170445
6,CG,8,129.784068
6,CG,9,127.955165
6,CG,10,126.195398
6,CG,11,113.453587
6,CG,12,114.025728
6,CG,13,117.091107
6,CG,14,121.815243
6,CG,15,121.444091
6,CG,16,117.925167
6,CG,17,103.034566
6,CG,18,102.255971
6,CG,19,139.102399
6,CG,20,122.4075
8,CG,1,99.067573
8,CG,2,113.777946
8,CG,3,112.7729
8,CG,4,168.196829
8,CG,5,168.729818
8,CG,6,145.693073
8,CG,7,137.920808
8,CG,8,147.451149
8,CG,9,126.930523
8,CG,10,112.371311
8,CG,11,112.910567
8,CG,12,117.098803
8,CG,13,117.698717
8,CG,14,114.195261
8,CG,15,114.860422
8,CG,16,114.810694
8,CG,17,163.514363
8,CG,18,169.290779
8,CG,19,161.677442
8,CG,20,134.602905
10,CG,1,189.775031
10,CG,2,160.204227
10,CG,3,149.301107
10,CG,4,237.006909
10,CG,5,146.264163
10,CG,6,217.477292
10,CG,7,225.132254
10,CG,8,213.223998
10,CG,9,219.324472
10,CG,10,217.717999
10,CG,11,218.386357
10,CG,12,209.977799
10,CG,13,214.706194
10,CG,14,214.444283
10,CG,15,222.134464
10,CG,16,170.030442
10,CG,17,171.097661
10,CG,18,216.12172
10,CG,19,217.950856
10,CG,20,144.449862
20,CG,1,970.838954
20,CG,2,983.536746
20,CG,3,962.155806
20,CG,4,866.152023
20,CG,5,1103.632939
20,CG,6,892.872082
20,CG,7,945.00092
20,CG,8,944.481239
20,CG,9,1165.207156
20,CG,10,904.958559
20,CG,11,894.16385
20,CG,12,906.710197
20,CG,13,908.788388
20,CG,14,915.469979
20,CG,15,967.844019
20,CG,16,1076.590625
20,CG,17,1099.160951
20,CG,18,1102.387653
20,CG,19,1220.379548
20,CG,20,1225.564402
30,CG,1,5234.228364
30,CG,2,5065.636749
30,CG,3,7320.039768
30,CG,4,6253.70961
30,CG,5,5406.371781
40,CG,1,22792.626671
40,CG,2,25125.512911
40,CG,3,22905.312962
40,CG,4,23587.227246
40,CG,5,22482.265625
3,DNN surrogate,1,1.682814
3,DNN surrogate,2,1.876054
3,DNN surrogate,3,1.653257
3,DNN surrogate,4,1.175245
3,DNN surrogate,5,1.211681
3,DNN surrogate,6,1.35874
3,DNN surrogate,7,1.332843
3,DNN surrogate,8,1.353459
3,DNN surrogate,9,1.330141
3,DNN surrogate,10,1.213895
3,DNN surrogate,11,1.311844
3,DNN surrogate,12,1.150929
3,DNN surrogate,13,1.116738
3,DNN surrogate,14,1.296258
3,DNN surrogate,15,1.306378
3,DNN surrogate,16,1.164047
3,DNN surrogate,17,1.209923
3,DNN surrogate,18,1.043126
3,DNN surrogate,19,1.251849
3,DNN surrogate,20,1.255861
3,DNN surrogate,21,1.466958
3,DNN surrogate,22,1.436565
3,DNN surrogate,23,1.326914
3,DNN surrogate,24,1.348959
3,DNN surrogate,25,1.312362
3,DNN surrogate,26,1.331667
3,DNN surrogate,27,1.757561
3,DNN surrogate,28,1.346509
3,DNN surrogate,29,1.279468
3,DNN surrogate,30,1.178188
3,DNN surrogate,31,1.448598
3,DNN surrogate,32,1.325473
3,DNN surrogate,33,1.398227
3,DNN surrogate,34,1.5621
3,DNN surrogate,35,1.650178
3,DNN surrogate,36,1.246807
3,DNN surrogate,37,1.172423
3,DNN surrogate,38,1.194762
3,DNN surrogate,39,1.274343
3,DNN surrogate,40,1.416864
3,DNN surrogate,41,1.450653
3,DNN surrogate,42,1.35896
3,DNN surrogate,43,1.428356
3,DNN surrogate,44,1.139062
3,DNN surrogate,45,1.434036
3,DNN surrogate,46,1.55985
3,DNN surrogate,47,1.841254
3,DNN surrogate,48,1.755646
3,DNN surrogate,49,1.506999
3,DNN surrogate,50,1.599469
3,DNN surrogate,51,1.4576
3,DNN surrogate,52,1.766105
3,DNN surrogate,53,1.186863
3,DNN surrogate,54,0.980212
3,DNN surrogate,55,1.536822
3,DNN surrogate,56,1.727069
3,DNN surrogate,57,1.820051
3,DNN surrogate,58,1.636193
3,DNN surrogate,59,1.709319
3,DNN surrogate,60,1.823222
3,DNN surrogate,61,1.604546
3,DNN surrogate,62,1.765292
3,DNN surrogate,63,1.634482
3,DNN surrogate,64,1.372366
3,DNN surrogate,65,1.682832
3,DNN surrogate,66,1.488682
3,DNN surrogate,67,1.609823
3,DNN surrogate,68,1.374351
3,DNN surrogate,69,1.481533
3,DNN surrogate,70,1.387924
3,DNN surrogate,71,2.333894
3,DNN surrogate,72,1.410922
3,DNN surrogate,73,1.224947
3,DNN surrogate,74,1.511424
3,DNN surrogate,75,2.032896
3,DNN surrogate,76,1.579358
3,DNN surrogate,77,1.253322
3,DNN surrogate,78,1.319731
3,DNN surrogate,79,1.084581
3,DNN surrogate,80,1.181185
3,DNN surrogate,81,1.165768
3,DNN surrogate,82,1.211522
3,DNN surrogate,83,1.223889
3,DNN surrogate,84,1.213293
3,DNN surrogate,85,1.251218
3,DNN surrogate,86,1.384438
3,DNN surrogate,87,1.658945
3,DNN surrogate,88,1.392273
3,DNN surrogate,89,1.395024
3,DNN surrogate,90,1.224097
3,DNN surrogate,91,1.275883
3,DNN surrogate,92,1.453751
3,DNN surrogate,93,1.121381
3,DNN surrogate,94,1.318925
3,DNN surrogate,95,1.317272
3,DNN surrogate,96,1.459395
3,DNN surrogate,97,1.338738
3,DNN surrogate,98,1.498059
3,DNN surrogate,99,1.658211
3,DNN surrogate,100,1.218503
4,DNN surrogate,1,1.195208
4,DNN surrogate,2,1.129552
4,DNN surrogate,3,1.233242
4,DNN surrogate,4,1.134034
4,DNN surrogate,5,1.171094
4,DNN surrogate,6,1.041278
4,DNN surrogate,7,1.059958
4,DNN surrogate,8,1.160233
4,DNN surrogate,9,1.132488
4,DNN surrogate,10,1.008099
4,DNN surrogate,11,1.208104
4,DNN surrogate,12,1.322886
4,DNN surrogate,13,1.105248
4,DNN surrogate,14,1.187397
4,DNN surrogate,15,1.132583
4,DNN surrogate,16,1.041254
4,DNN surrogate,17,1.037359
4,DNN surrogate,18,1.140258
4,DNN surrogate,19,1.336568
4,DNN surrogate,20,1.181243
4,DNN surrogate,21,1.114299
4,DNN surrogate,22,1.019187
4,DNN surrogate,23,1.026837
4,DNN surrogate,24,0.987448
4,DNN surrogate,25,1.050356
4,DNN surrogate,26,1.172367
4,DNN surrogate,27,1.248793
4,DNN surrogate,28,1.264718
4,DNN surrogate,29,1.272955
4,DNN surrogate,30,0.937888
4,DNN surrogate,31,0.930899
4,DNN surrogate,32,1.288609
4,DNN surrogate,33,1.157303
4,DNN surrogate,34,1.081924
4,DNN surrogate,35,1.17343
4,DNN surrogate,36,1.175516
4,DNN surrogate,37,1.2651
4,DNN surrogate,38,1.145275
4,DNN surrogate,39,1.155651
4,DNN surrogate,40,1.297128
4,DNN surrogate,41,0.998242
4,DNN surrogate,42,1.136992
4,DNN surrogate,43,1.180189
4,DNN surrogate,44,1.249519
4,DNN surrogate,45,1.223451
4,DNN surrogate,46,1.789666
4,DNN surrogate,47,1.174079
4,DNN surrogate,48,1.383151
4,DNN surrogate,49,1.369101
4,DNN surrogate,50,1.151264
4,DNN surrogate,51,1.140061
4,DNN surrogate,52,1.217026
4,DNN surrogate,53,1.248218
4,DNN surrogate,54,1.203135
4,DNN surrogate,55,1.180874
4,DNN surrogate,56,1.25028
4,DNN surrogate,57,1.233733
4,DNN surrogate,58,1.022831
4,DNN surrogate,59,1.193817
4,DNN surrogate,60,1.175564
4,DNN surrogate,61,1.205106
4,DNN surrogate,62,1.044814
4,DNN surrogate,63,1.134902
4,DNN surrogate,64,1.182291
4,DNN surrogate,65,1.521895
4,DNN surrogate,66,1.773925
4,DNN surrogate,67,1.81403
4,DNN surrogate,68,1.152315
4,DNN surrogate,69,1.492489
4,DNN surrogate,70,1.92337
4,DNN surrogate,71,1.856674
4,DNN surrogate,72,1.226739
4,DNN surrogate,73,1.356746
4,DNN surrogate,74,1.818764
4,DNN surrogate,75,1.705786
4,DNN surrogate,76,1.20231
4,DNN surrogate,77,1.218376
4,DNN surrogate,78,1.51226
4,DNN surrogate,79,1.750968
4,DNN surrogate,80,1.732391
4,DNN surrogate,81,1.553493
4,DNN surrogate,82,1.712572
4,DNN surrogate,83,1.728116
4,DNN surrogate,84,1.507053
4,DNN surrogate,85,1.406017
4,DNN surrogate,86,1.763003
4,DNN surrogate,87,1.80435
4,DNN surrogate,88,1.260745
4,DNN surrogate,89,1.511714
4,DNN surrogate,90,1.784353
4,DNN surrogate,91,1.726735
4,DNN surrogate,92,1.448382
4,DNN surrogate,93,1.150731
4,DNN surrogate,94,1.521752
4,DNN surrogate,95,1.405479
4,DNN surrogate,96,1.63528
4,DNN surrogate,97,1.989448
4,DNN surrogate,98,2.019628
4,DNN surrogate,99,1.188751
4,DNN surrogate,100,1.622938
6,DNN surrogate,1,1.898917
6,DNN surrogate,2,2.006645
6,DNN surrogate,3,1.374421
6,DNN surrogate,4,1.966229
6,DNN surrogate,5,1.316519
6,DNN surrogate,6,1.89386
6,DNN surrogate,7,1.927887
6,DNN surrogate,8,1.933128
6,DNN surrogate,9,1.359584
6,DNN surrogate,10,1.845165
6,DNN surrogate,11,1.839284
6,DNN surrogate,12,1.937742
6,DNN surrogate,13,1.331928
6,DNN surrogate,14,2.075072
6,DNN surrogate,15,1.961948
6,DNN surrogate,16,1.834062
6,DNN surrogate,17,1.353601
6,DNN surrogate,18,1.865743
6,DNN surrogate,19,1.324803
6,DNN surrogate,20,3.534689
8,DNN surrogate,1,2.34886
8,DNN surrogate,2,2.4069
8,DNN surrogate,3,2.897139
8,DNN surrogate,4,2.558282
8,DNN surrogate,5,2.151804
8,DNN surrogate,6,2.260477
8,DNN surrogate,7,2.310336
8,DNN surrogate,8,2.310298
8,DNN surrogate,9,2.509106
8,DNN surrogate,10,2.571974
8,DNN surrogate,11,2.239353
8,DNN surrogate,12,2.383828
8,DNN surrogate,13,2.561871
8,DNN surrogate,14,2.359302
8,DNN surrogate,15,2.944689
8,DNN surrogate,16,2.491323
8,DNN surrogate,17,2.3522
8,DNN surrogate,18,4.501131
8,DNN surrogate,19,2.399298
8,DNN surrogate,20,2.175435
10,DNN surrogate,1,3.704619
10,DNN surrogate,2,4.137735
10,DNN surrogate,3,6.567724
10,DNN surrogate,4,3.620892
10,DNN surrogate,5,3.720243
10,DNN surrogate,6,4.646712
10,DNN surrogate,7,4.387928
10,DNN surrogate,8,3.016904
10,DNN surrogate,9,4.112784
10,DNN surrogate,10,4.423912
10,DNN surrogate,11,4.68218
10,DNN surrogate,12,3.052513
10,DNN surrogate,13,3.978223
10,DNN surrogate,14,4.450282
10,DNN surrogate,15,4.608009
10,DNN surrogate,16,2.854568
10,DNN surrogate,17,3.976373
10,DNN surrogate,18,4.457277
10,DNN surrogate,19,3.163724
10,DNN surrogate,20,4.572895
20,DNN surrogate,1,14.631081
20,DNN surrogate,2,18.124629
20,DNN surrogate,3,12.024539
20,DNN surrogate,4,14.957214
20,DNN surrogate,5,23.132577
20,DNN surrogate,6,14.51792
20,DNN surrogate,7,12.193818
20,DNN surrogate,8,14.880835
20,DNN surrogate,9,14.270264
20,DNN surrogate,10,13.13012
20,DNN surrogate,11,15.839827
20,DNN surrogate,12,14.684661
20,DNN surrogate,13,12.12038
20,DNN surrogate,14,14.025811
20,DNN surrogate,15,14.462928
20,DNN surrogate,16,13.279178
20,DNN surrogate,17,12.359826
20,DNN surrogate,18,14.103147
20,DNN surrogate,19,23.11971
20,DNN surrogate,20,15.184321
30,DNN surrogate,1,46.886329
30,DNN surrogate,2,31.4055
30,DNN surrogate,3,32.377989
30,DNN surrogate,4,27.717325
30,DNN surrogate,5,32.064886
30,DNN surrogate,6,32.579823
30,DNN surrogate,7,48.192236
30,DNN surrogate,8,38.14076
30,DNN surrogate,9,31.42128
30,DNN surrogate,10,32.325052
30,DNN surrogate,11,28.62585
30,DNN surrogate,12,29.459767
30,DNN surrogate,13,31.169381
30,DNN surrogate,14,32.850559
30,DNN surrogate,15,31.122797
30,DNN surrogate,16,31.414173
30,DNN surrogate,17,27.73212
30,DNN surrogate,18,29.296116
30,DNN surrogate,19,28.608222
30,DNN surrogate,20,32.818056
40,DNN surrogate,1,49.739361
40,DNN surrogate,2,55.488164
40,DNN surrogate,3,49.668463
40,DNN surrogate,4,54.995294
40,DNN surrogate,5,51.850127
40,DNN surrogate,6,61.243054
40,DNN surrogate,7,54.799473
40,DNN surrogate,8,55.897899
40,DNN surrogate,9,53.919549
40,DNN surrogate,10,50.820432
40,DNN surrogate,11,56.568401
40,DNN surrogate,12,48.857205
40,DNN surrogate,13,55.600994
40,DNN surrogate,14,49.71187
40,DNN surrogate,15,52.053442
40,DNN surrogate,16,65.373451
40,DNN surrogate,17,51.321659
40,DNN surrogate,18,55.688497
40,DNN surrogate,19,54.747292
40,DNN surrogate,20,50.924399
3,SNN,1,648.285895
3,SNN,2,702.889665
3,SNN,3,774.506632
3,SNN,4,609.147928
3,SNN,5,726.773825
