FieldHC,Repeat,Method,Iterations,Seconds,Converged,FinalResidual,Checksum
3,1,CG,24,24.718,1,0.00238503378388627,84229.7238966877
3,2,CG,24,25.886232,1,0.00238503378388627,84229.7238966877
3,3,CG,24,35.352845,1,0.00238503378388627,84229.7238966877
3,4,CG,24,23.070415,1,0.00248216872403876,84223.5007151856
3,5,CG,24,26.483022,1,0.00239660716258353,84233.6304759384
3,6,CG,24,36.528268,1,0.00233243521418363,84225.4374338606
3,7,CG,24,28.416528,1,0.00251143102504514,84220.086993525
3,8,CG,24,40.376055,1,0.00237214807397597,84237.6749098878
3,9,CG,24,36.503463,1,0.00239794625712278,84230.4070337759
3,10,CG,24,23.057264,1,0.00249363311609142,84222.1852160267
3,11,CG,24,26.578715,1,0.00245169608611555,84239.3310225811
3,12,CG,24,21.770705,1,0.00230341964842707,84237.0569450079
3,13,CG,24,19.91652,1,0.00245119872356279,84223.9638343618
3,14,CG,24,24.82584,1,0.0024440197327282,84230.1076190576
3,15,CG,24,25.425104,1,0.00236797460874546,84236.7891236896
3,16,CG,24,19.190444,1,0.00245031201183794,84230.7266115465
3,17,CG,24,24.895837,1,0.00237341402936382,84240.0103162205
3,18,CG,24,23.250766,1,0.00243066225849191,84225.6443835415
3,19,CG,24,37.358435,1,0.0024299358491624,84230.3935170931
3,20,CG,24,25.623899,1,0.00245893443326488,84230.3387778201
3,21,CG,24,26.590286,1,0.002366770031917,84227.8931789623
3,22,CG,24,53.61046,1,0.00250474688459524,84231.5493060189
3,23,CG,24,26.398171,1,0.00249004783172022,84224.0049721592
3,24,CG,24,49.606321,1,0.00246076160146449,84222.7538074225
3,25,CG,24,22.804676,1,0.00239653612811834,84228.1534851839
3,26,CG,24,25.017869,1,0.00237533536093453,84234.3451941467
3,27,CG,24,19.276594,1,0.00251733309019223,84215.3416923893
3,28,CG,24,25.091668,1,0.00247269425715611,84235.8650408688
3,29,CG,24,36.639881,1,0.00240990385652631,84231.6834700548
3,30,CG,24,25.26052,1,0.00250821735777258,84229.7923010169
3,31,CG,24,25.410681,1,0.00247470056274165,84231.1320305116
3,32,CG,24,21.908321,1,0.00244363271945997,84227.7758413378
3,33,CG,24,21.047365,1,0.00243027023955503,84232.5917486052
3,34,CG,24,18.164192,1,0.00239582315815964,84227.1531167573
3,35,CG,24,21.074878,1,0.00243476536770558,84238.315947365
3,36,CG,24,25.776159,1,0.00237002224653213,84232.329973762
3,37,CG,24,35.342711,1,0.00241783535806932,84220.4417792834
3,38,CG,24,26.537782,1,0.00238620903390931,84228.7644797073
3,39,CG,24,23.189201,1,0.00259487138059005,84220.9048067587
3,40,CG,24,26.298181,1,0.00244172081745,84227.4144075714
3,41,CG,24,21.559008,1,0.0024649701369899,84226.1239624727
3,42,CG,24,21.047471,1,0.0024578321643367,84221.4612492563
3,43,CG,24,25.416617,1,0.00246195760734403,84224.2046574786
3,44,CG,24,24.451601,1,0.00252891946417145,84236.6824307782
3,45,CG,24,22.489895,1,0.00244353119773008,84229.0358832828
3,46,CG,24,23.974451,1,0.0024305933939136,84230.007674549
3,47,CG,24,22.675724,1,0.00247705173560783,84219.0534833993
3,48,CG,24,22.707671,1,0.00249030226384402,84226.6538525678
3,49,CG,24,26.1598,1,0.00229498901383695,84248.5650172638
3,50,CG,24,21.273867,1,0.00238539680635648,84240.3039790433
3,51,CG,24,20.921367,1,0.00251376436466609,84228.3827938282
3,52,CG,24,21.140328,1,0.00254989511702147,84225.789867171
3,53,CG,24,37.07933,1,0.00243122779113831,84228.4186590006
3,54,CG,24,28.309936,1,0.00236769482527713,84238.7724694394
3,55,CG,24,28.738749,1,0.00252862014815744,84230.6491059202
3,56,CG,24,24.396487,1,0.00242403460970635,84228.4195449141
3,57,CG,24,22.757239,1,0.00246529702302431,84224.3388360847
3,58,CG,24,26.976219,1,0.00251295190058653,84230.6852294656
3,59,CG,24,30.116958,1,0.00245779108314034,84223.7757236274
3,60,CG,24,24.810697,1,0.00236584311592837,84227.2051440058
3,61,CG,24,20.262924,1,0.00238536427510441,84238.8340408118
3,62,CG,24,25.406649,1,0.00251703704049697,84227.6442537916
3,63,CG,24,23.406904,1,0.00249970063123459,84226.0012719864
3,64,CG,24,24.286287,1,0.00246173547816786,84228.3075906414
3,65,CG,24,40.005567,1,0.00240243680159904,84226.3871669199
3,66,CG,24,23.712456,1,0.0024452436197807,84218.279301408
3,67,CG,24,26.618197,1,0.00256167559462763,84222.4908322203
3,68,CG,24,23.230077,1,0.00255351959154946,84229.442362962
3,69,CG,24,23.99274,1,0.00250313232940731,84233.8014823121
3,70,CG,24,22.949921,1,0.00252972263356502,84226.3978984009
3,71,CG,24,26.3962,1,0.00248262538332892,84228.7013864491
3,72,CG,24,24.476082,1,0.00244954393003553,84226.3828295388
3,73,CG,24,24.680424,1,0.00242399281432034,84221.0349666523
3,74,CG,24,24.977177,1,0.00250076357841911,84227.3304001044
3,75,CG,24,22.952233,1,0.00241217486148008,84223.6142082396
3,76,CG,24,23.386319,1,0.00252712186516981,84221.0924204438
3,77,CG,24,24.52788,1,0.00241798584862727,84234.3088124342
3,78,CG,24,49.571868,1,0.00258639589883572,84226.4336679877
3,79,CG,24,33.656042,1,0.00240433760894027,84223.5657290144
3,80,CG,24,25.115916,1,0.00254244411551915,84221.1114708374
3,81,CG,24,20.151857,1,0.00251469871107105,84233.8184238388
3,82,CG,24,29.190801,1,0.00247175662220216,84225.5409489964
3,83,CG,24,38.992736,1,0.00246699574749035,84224.1464804807
3,84,CG,24,29.165696,1,0.00252505885958523,84226.0986652798
3,85,CG,24,21.028534,1,0.00253122305345166,84223.4986499573
3,86,CG,24,24.218708,1,0.00242315189192188,84230.9194501522
3,87,CG,24,21.776825,1,0.00253643078374625,84226.6626681732
3,88,CG,24,40.41241,1,0.00251379761124525,84231.8227694564
3,89,CG,24,44.672463,1,0.00238089110076363,84233.1639683008
3,90,CG,24,49.441225,1,0.0023817007147323,84231.4256173661
3,91,CG,24,19.12048,1,0.00249939631822525,84238.4802173831
3,92,CG,24,25.821391,1,0.00253272390498828,84230.4389376549
3,93,CG,24,35.488419,1,0.00236298833228473,84231.8667249267
3,94,CG,24,32.071685,1,0.00241166278666021,84235.5729932033
3,95,CG,24,27.308897,1,0.00245959130316955,84234.0969146524
3,96,CG,24,49.15207,1,0.0024980753168679,84223.1583264296
3,97,CG,24,27.195606,1,0.00244245670258978,84229.1274400901
3,98,CG,24,20.996295,1,0.00242165445928218,84233.7646743532
3,99,CG,24,22.255044,1,0.00239838914380156,84216.5701953087
3,100,CG,24,22.780864,1,0.00236167026035434,84233.6057212512
4,1,CG,25,24.30702,1,0.0031792742752576,161263.413694364
4,2,CG,25,35.630755,1,0.0031792742752576,161263.413694364
4,3,CG,25,26.842327,1,0.0031792742752576,161263.413694364
4,4,CG,25,25.190803,1,0.0031827372462924,161264.09208624
4,5,CG,25,50.890031,1,0.0031712344930679,161274.252916817
4,6,CG,25,22.640327,1,0.00315872899743443,161271.171085223
4,7,CG,25,24.769794,1,0.00320182725759447,161275.516862559
4,8,CG,25,26.228364,1,0.00316147028403447,161269.281135734
4,9,CG,25,25.497142,1,0.00317662654422231,161272.977641709
4,10,CG,25,32.886946,1,0.0032185424285272,161285.004665538
4,11,CG,25,44.335794,1,0.00319361197217815,161271.438919041
4,12,CG,25,27.546436,1,0.0031677194713643,161277.560526896
4,13,CG,25,27.213769,1,0.00315472075414076,161264.321888429
4,14,CG,25,24.267893,1,0.00316279032984101,161260.438799668
4,15,CG,25,23.468045,1,0.00315054100146454,161267.299127683
4,16,CG,25,54.398921,1,0.00314443261565373,161265.760319931
4,17,CG,25,25.266678,1,0.00317725874841633,161268.276147845
4,18,CG,25,26.3545,1,0.00318684351634722,161264.798479796
4,19,CG,25,25.524207,1,0.00319074315915268,161275.253571045
4,20,CG,25,29.895765,1,0.00316786940990535,161273.760100602
4,21,CG,25,26.670545,1,0.00321985587267437,161285.519280628
4,22,CG,25,25.97869,1,0.00315877083743046,161268.619826262
4,23,CG,25,26.876791,1,0.00318176787093547,161270.944088575
4,24,CG,25,41.633978,1,0.00317229287567897,161277.848967232
4,25,CG,25,33.334906,1,0.00320758046255245,161276.854451134
4,26,CG,25,26.944884,1,0.00319084936337673,161275.518202523
4,27,CG,25,25.815406,1,0.00316893036980171,161262.537843748
4,28,CG,25,23.809244,1,0.0031725392938574,161263.640062086
4,29,CG,25,27.900915,1,0.00317835116229698,161271.767300505
4,30,CG,25,25.268362,1,0.00316815992870419,161273.112613436
4,31,CG,25,24.170722,1,0.0032010051805915,161284.163830514
4,32,CG,25,31.794749,1,0.00319319185112563,161274.737297067
4,33,CG,25,30.422641,1,0.00323152871576201,161284.704058444
4,34,CG,25,31.522325,1,0.0031804180515877,161251.65918219
4,35,CG,25,24.118716,1,0.00320828985076535,161285.866298377
4,36,CG,25,23.848586,1,0.00318659452057081,161271.76310982
4,37,CG,25,22.920503,1,0.00313307747434612,161261.501669175
4,38,CG,25,26.372076,1,0.0031695418212519,161273.300974014
4,39,CG,25,26.793995,1,0.00317041621644083,161273.746148199
4,40,CG,25,29.105621,1,0.00317468760538148,161265.291116524
4,41,CG,25,31.778103,1,0.00316757247000554,161274.974891332
4,42,CG,25,24.175888,1,0.00317022594418823,161268.527188567
4,43,CG,25,25.726131,1,0.00317239746738748,161252.713871574
4,44,CG,25,24.303382,1,0.00314900952344673,161261.453886453
4,45,CG,25,27.223397,1,0.00321880497112831,161284.714852814
4,46,CG,25,28.119183,1,0.00315063129585362,161240.700304759
4,47,CG,25,28.476124,1,0.00317298848832972,161262.19344805
4,48,CG,25,39.132391,1,0.00317066753152876,161275.999537329
4,49,CG,25,24.219429,1,0.00317835649516023,161276.650106599
4,50,CG,25,28.846583,1,0.0031813795623416,161283.064512151
4,51,CG,25,20.288159,1,0.00314025699345549,161258.341170674
4,52,CG,25,21.363558,1,0.00318513285198069,161280.776834322
4,53,CG,25,32.14037,1,0.00315800514609529,161269.772437264
4,54,CG,25,22.712839,1,0.00320211157518801,161278.281023983
4,55,CG,25,22.257478,1,0.00318172990927268,161261.250897729
4,56,CG,25,41.741923,1,0.00316318012429146,161263.522886267
4,57,CG,25,26.885086,1,0.00313993929569222,161257.679354678
4,58,CG,25,25.55981,1,0.00315492791566575,161269.110974897
4,59,CG,25,25.074868,1,0.00313387389378471,161251.742726318
4,60,CG,25,25.842051,1,0.00317775731672766,161251.845657311
4,61,CG,25,23.130725,1,0.0031823138151268,161280.48624185
4,62,CG,25,27.724257,1,0.00318221631555885,161255.888408443
4,63,CG,25,26.167361,1,0.00318685120774839,161273.547649477
4,64,CG,25,22.031049,1,0.00318306917543702,161262.934716666
4,65,CG,25,22.362764,1,0.00321500933140458,161281.537534339
4,66,CG,25,26.430138,1,0.00317546748428214,161265.789965554
4,67,CG,25,21.966738,1,0.00317854293192646,161265.52681761
4,68,CG,25,29.482519,1,0.00317836983427911,161274.331101515
4,69,CG,25,25.870233,1,0.00321343765576749,161275.906406129
4,70,CG,25,25.152376,1,0.00315895365336783,161266.848216302
4,71,CG,25,24.56088,1,0.00322087801929467,161279.149134487
4,72,CG,25,29.852693,1,0.003158255727835,161270.485503643
4,73,CG,25,26.605018,1,0.0032161997926814,161284.104252502
4,74,CG,25,26.219204,1,0.00317213563669769,161273.026989789
4,75,CG,25,31.84507,1,0.00323585706009714,161293.292837022
4,76,CG,25,32.772564,1,0.00313567630269983,161258.316025719
4,77,CG,25,23.853826,1,0.00314238411863154,161268.127486192
4,78,CG,25,22.602901,1,0.00316428838615095,161253.782125621
4,79,CG,25,19.550477,1,0.00318177258636034,161266.999821728
4,80,CG,25,26.520213,1,0.00317708193376706,161263.555394205
4,81,CG,25,25.962873,1,0.003159296674131,161266.686687659
4,82,CG,25,24.671764,1,0.00313957057916832,161268.450453996
4,83,CG,25,24.933457,1,0.00321721318448514,161272.836479936
4,84,CG,25,25.483124,1,0.00315692781457817,161251.762881547
4,85,CG,25,40.807184,1,0.00313647383228429,161253.83371268
4,86,CG,25,35.349918,1,0.00315942192159442,161266.478338877
4,87,CG,25,47.505251,1,0.00319132131108331,161267.516508599
4,88,CG,25,25.639593,1,0.00317056169495436,161269.913595726
4,89,CG,25,27.499669,1,0.00319347012470421,161265.593617966
4,90,CG,25,23.938678,1,0.00322893979084421,161289.436217971
4,91,CG,25,24.033906,1,0.00312187342360731,161260.942740201
4,92,CG,25,29.394153,1,0.00317091416248462,161250.446678691
4,93,CG,25,20.593944,1,0.00324418855736099,161292.153791967
4,94,CG,25,24.627512,1,0.00314530032290412,161246.158741645
4,95,CG,25,24.998501,1,0.00316743241231533,161262.063517678
4,96,CG,25,28.187662,1,0.00316808616388884,161271.286575611
4,97,CG,25,27.841778,1,0.00317466509859618,161269.891764502
4,98,CG,25,25.696173,1,0.00319408613124153,161269.818205609
4,99,CG,25,28.318656,1,0.0031513365828372,161271.320785078
4,100,CG,25,28.219033,1,0.00314596069319641,161259.246598267
3,1,DNN surrogate,22,0.441702,1,0.00278148871869581,81797.1998029582
3,2,DNN surrogate,22,0.547344,1,0.00278148871869581,81797.1998029582
3,3,DNN surrogate,22,0.505546,1,0.00278148871869581,81797.1998029582
3,4,DNN surrogate,22,0.62248,1,0.00279470227347998,81810.2353188883
3,5,DNN surrogate,22,0.508011,1,0.00279146376699617,81791.0952288495
3,6,DNN surrogate,22,0.524354,1,0.00272025320418265,81836.7673082179
3,7,DNN surrogate,22,0.567719,1,0.00280149566716083,81816.0546773803
3,8,DNN surrogate,22,0.608478,1,0.00272501768143056,81843.9544403598
3,9,DNN surrogate,22,0.550939,1,0.00280019358620619,81808.5288955449
3,10,DNN surrogate,22,0.564478,1,0.00288410678010226,81773.2404056545
3,11,DNN surrogate,22,1.422971,1,0.00278946771841975,81856.1784116596
3,12,DNN surrogate,22,0.492273,1,0.00289606415405558,81724.1873760887
3,13,DNN surrogate,22,0.585406,1,0.00280021732080161,81798.2436802306
3,14,DNN surrogate,22,0.469412,1,0.00284706817571571,81772.4014775135
3,15,DNN surrogate,22,0.567973,1,0.00278556815758555,81778.5222795913
3,16,DNN surrogate,22,0.541675,1,0.00279416726110289,81806.5376871532
3,17,DNN surrogate,22,0.499821,1,0.00293222758915301,81736.1571040363
3,18,DNN surrogate,22,0.719759,1,0.0028633511941318,81753.7094789026
3,19,DNN surrogate,22,0.455141,1,0.00281279018948347,81783.2155563309
3,20,DNN surrogate,22,0.427888,1,0.00277796126039214,81904.6033507022
3,21,DNN surrogate,22,0.575815,1,0.00282639893386243,81778.5917150123
3,22,DNN surrogate,22,0.484629,1,0.00280717782775839,81799.0871679156
3,23,DNN surrogate,22,0.483409,1,0.00276208812747785,81838.5854322406
3,24,DNN surrogate,22,0.484436,1,0.00276774377031179,81810.2968451252
3,25,DNN surrogate,22,0.518313,1,0.00278486016009367,81828.453243297
3,26,DNN surrogate,22,0.519541,1,0.00276480245484999,81838.2815877765
3,27,DNN surrogate,22,0.450286,1,0.00279090628080165,81863.6924683285
3,28,DNN surrogate,22,0.490231,1,0.00283717846633975,81862.4881937921
3,29,DNN surrogate,22,0.445831,1,0.00271501777180515,81895.5368265427
3,30,DNN surrogate,22,0.43479,1,0.00282398000285929,81783.3128554443
3,31,DNN surrogate,22,0.379702,1,0.00287111244133827,81762.0506586255
3,32,DNN surrogate,22,0.350249,1,0.00280960428868856,81778.9513548444
3,33,DNN surrogate,22,0.508175,1,0.00282512986052937,81773.1608391582
3,34,DNN surrogate,22,0.607516,1,0.00275260787550953,81863.315831956
3,35,DNN surrogate,22,0.403544,1,0.00281723998416609,81773.1662228505
3,36,DNN surrogate,22,0.450153,1,0.00277747569323089,81830.3201964306
3,37,DNN surrogate,22,0.505241,1,0.00278430178892951,81854.1313290099
3,38,DNN surrogate,22,0.687664,1,0.00275131497088876,81814.7067747852
3,39,DNN surrogate,22,0.636842,1,0.00283351205891626,81814.0489261304
3,40,DNN surrogate,22,0.528441,1,0.00278343225523552,81803.8416068593
3,41,DNN surrogate,22,0.475013,1,0.00285483968162499,81736.5463199088
3,42,DNN surrogate,22,0.567392,1,0.00294476773080415,81699.2105825539
3,43,DNN surrogate,22,0.486097,1,0.00278415619772766,81801.4942288076
3,44,DNN surrogate,22,0.4676,1,0.00283711352366176,81792.6857906617
3,45,DNN surrogate,22,0.388665,1,0.00280418520094215,81809.8875936869
3,46,DNN surrogate,22,0.499848,1,0.0028625689755361,81723.2716519691
3,47,DNN surrogate,22,0.427165,1,0.00283986299101157,81780.3921641049
3,48,DNN surrogate,22,0.457904,1,0.00286788733082649,81766.809007094
3,49,DNN surrogate,22,0.493107,1,0.00275997253354085,81791.7999585218
3,50,DNN surrogate,22,1.430689,1,0.00278025810215879,81796.5232597652
3,51,DNN surrogate,22,0.434296,1,0.0028034883012194,81803.5433233745
3,52,DNN surrogate,22,0.493821,1,0.0028800193194181,81773.0811584041
3,53,DNN surrogate,22,0.47494,1,0.00283967307830827,81765.7999452499
3,54,DNN surrogate,22,0.518639,1,0.00278054872236857,81810.6504233867
3,55,DNN surrogate,22,0.477158,1,0.00289082602851137,81746.4119475004
3,56,DNN surrogate,22,0.478256,1,0.00281518892706603,81803.0213300343
3,57,DNN surrogate,22,0.489093,1,0.00281688798002284,81799.8536659204
3,58,DNN surrogate,22,0.440564,1,0.00274977518819549,81835.3882903618
3,59,DNN surrogate,22,0.538801,1,0.00283342067223902,81768.5218409302
3,60,DNN surrogate,22,0.562981,1,0.00275608876027883,81822.5131777719
3,61,DNN surrogate,22,0.498882,1,0.00276815656860775,81825.0842981255
3,62,DNN surrogate,22,0.719219,1,0.00284412273422778,81748.5149552645
3,63,DNN surrogate,22,0.424326,1,0.00285782243404027,81771.5370352412
3,64,DNN surrogate,22,0.441829,1,0.00276692883457035,81835.6482937515
3,65,DNN surrogate,22,0.63678,1,0.00275601226869568,81830.7549330948
3,66,DNN surrogate,22,0.436152,1,0.00276841936602249,81859.0427969858
3,67,DNN surrogate,22,0.485392,1,0.00276614062785644,81861.5933335549
3,68,DNN surrogate,22,0.484355,1,0.00279650552458045,81805.6765423859
3,69,DNN surrogate,22,0.631019,1,0.00280275821843446,81809.1178238121
3,70,DNN surrogate,22,0.464591,1,0.0028482983153806,81815.1620014042
3,71,DNN surrogate,22,0.437422,1,0.00282575546424562,81770.8297585306
3,72,DNN surrogate,22,0.494142,1,0.00275291127983489,81847.3058432704
3,73,DNN surrogate,22,0.483274,1,0.00273806533041943,81882.5422933237
3,74,DNN surrogate,22,0.498656,1,0.00274552076106681,81889.0803923558
3,75,DNN surrogate,22,0.505885,1,0.00279465413114531,81822.7603991252
3,76,DNN surrogate,22,0.5596,1,0.00289366779599241,81801.8200664454
3,77,DNN surrogate,22,0.510645,1,0.00280319024925066,81780.9150082852
3,78,DNN surrogate,22,0.664641,1,0.00285518629823809,81778.9914296168
3,79,DNN surrogate,22,0.438161,1,0.0027686411294584,81790.033621194
3,80,DNN surrogate,22,0.431774,1,0.0029127075002813,81713.4991617408
3,81,DNN surrogate,22,0.521023,1,0.00277806200448448,81809.7237362091
3,82,DNN surrogate,22,0.494014,1,0.00274827850553544,81838.9078722453
3,83,DNN surrogate,22,0.450322,1,0.00277593807030283,81788.6456965995
3,84,DNN surrogate,22,0.515389,1,0.0027780884746337,81790.5680561293
3,85,DNN surrogate,22,0.454651,1,0.00273965411108416,81857.2339376156
3,86,DNN surrogate,22,0.591817,1,0.00280755644051209,81794.4719694653
3,87,DNN surrogate,22,0.430216,1,0.00286035800559034,81777.8891705289
3,88,DNN surrogate,22,0.446025,1,0.0028580956568745,81763.6950668936
3,89,DNN surrogate,22,0.478016,1,0.00288363889175665,81719.9805633951
3,90,DNN surrogate,22,0.530058,1,0.00277705109516978,81807.1379952374
3,91,DNN surrogate,22,0.438456,1,0.00279438166430535,81809.2703771209
3,92,DNN surrogate,22,0.506588,1,0.00280569563038793,81797.1640346876
3,93,DNN surrogate,22,0.64038,1,0.00275199291819107,81824.2363264454
3,94,DNN surrogate,22,0.487921,1,0.00283299122552015,81759.7180969427
3,95,DNN surrogate,22,0.668017,1,0.0027341911339162,81810.1743676393
3,96,DNN surrogate,22,0.563342,1,0.00283906032645518,81795.9268633463
3,97,DNN surrogate,22,1.560436,1,0.00284040460944089,81763.4184444498
3,98,DNN surrogate,22,0.582465,1,0.0028513041300658,81735.1753101014
3,99,DNN surrogate,22,0.440805,1,0.00280966932277056,81764.1656898586
3,100,DNN surrogate,22,0.444368,1,0.00286666493003636,81755.5766427792
4,1,DNN surrogate,26,0.483213,1,0.00322022336420604,155830.156418834
4,2,DNN surrogate,26,0.683749,1,0.00322022336420604,155830.156418834
4,3,DNN surrogate,26,0.685626,1,0.00322022336420604,155830.156418834
4,4,DNN surrogate,26,0.424398,1,0.00323233681773558,155830.433108276
4,5,DNN surrogate,26,0.644432,1,0.00322471247241145,155827.517303898
4,6,DNN surrogate,26,0.59378,1,0.00315317557675838,155835.295313786
4,7,DNN surrogate,26,0.467352,1,0.0031844178413737,155833.162175787
4,8,DNN surrogate,26,0.457544,1,0.00317984092314179,155832.897368694
4,9,DNN surrogate,26,0.51204,1,0.00318616638189394,155830.279809534
4,10,DNN surrogate,26,0.80547,1,0.00328017257401935,155829.05145572
4,11,DNN surrogate,26,0.491976,1,0.00330293499071676,155828.25447001
4,12,DNN surrogate,26,0.879571,1,0.00319206844750309,155832.087875224
4,13,DNN surrogate,26,0.653246,1,0.00319077629291981,155830.611422648
4,14,DNN surrogate,26,0.639506,1,0.00316211829533585,155829.314532193
4,15,DNN surrogate,26,0.36596,1,0.00320768378378852,155832.848296235
4,16,DNN surrogate,26,0.610805,1,0.00316061659440299,155834.154425122
4,17,DNN surrogate,26,0.629428,1,0.00320389016191174,155829.391101942
4,18,DNN surrogate,26,1.293366,1,0.00321749929982599,155825.910984055
4,19,DNN surrogate,26,0.658997,1,0.00320659228214772,155827.561515674
4,20,DNN surrogate,26,0.489841,1,0.00326218404711518,155829.962404955
4,21,DNN surrogate,26,0.477097,1,0.00318994371093236,155829.38890221
4,22,DNN surrogate,26,0.458591,1,0.00315926571846673,155832.433904488
4,23,DNN surrogate,26,0.531103,1,0.00317814015531997,155835.482433488
4,24,DNN surrogate,26,0.563783,1,0.00319061808451983,155835.484398848
4,25,DNN surrogate,26,0.439793,1,0.00320521864067559,155832.294697672
4,26,DNN surrogate,26,0.599225,1,0.003245346042236,155822.979580972
4,27,DNN surrogate,26,0.477473,1,0.00319416316129654,155832.694027485
4,28,DNN surrogate,26,0.468554,1,0.00315697968522814,155835.358240258
4,29,DNN surrogate,26,0.601716,1,0.00325152187462856,155825.335884815
4,30,DNN surrogate,26,0.679624,1,0.00322036696967563,155832.12633934
4,31,DNN surrogate,26,0.414222,1,0.00317322055449822,155835.77076711
4,32,DNN surrogate,26,0.549652,1,0.00332442574644552,155822.460438324
4,33,DNN surrogate,26,0.520906,1,0.00332167566387751,155825.541781854
4,34,DNN surrogate,26,0.418608,1,0.00332222228311101,155823.881087703
4,35,DNN surrogate,26,0.505367,1,0.00318114757885786,155832.908247174
4,36,DNN surrogate,26,0.528516,1,0.00323362875255852,155833.815286411
4,37,DNN surrogate,26,0.577782,1,0.00320410621677595,155832.212304553
4,38,DNN surrogate,26,0.557923,1,0.00326877542593835,155826.574866797
4,39,DNN surrogate,26,0.536381,1,0.00319498697125563,155833.975427161
4,40,DNN surrogate,26,0.342137,1,0.00314595823160956,155832.163587163
4,41,DNN surrogate,26,0.427116,1,0.00317584664479944,155830.941036304
4,42,DNN surrogate,26,0.514263,1,0.00327287016297268,155826.519631886
4,43,DNN surrogate,26,0.528057,1,0.00320241272488235,155829.504564641
4,44,DNN surrogate,26,0.397558,1,0.00317053957018881,155830.759390168
4,45,DNN surrogate,26,0.515824,1,0.00331512883752237,155824.982238853
4,46,DNN surrogate,26,0.715753,1,0.00324254391820338,155825.505765856
4,47,DNN surrogate,26,0.530689,1,0.00322029452570092,155834.989875893
4,48,DNN surrogate,26,0.492234,1,0.0032257789402569,155829.281646068
4,49,DNN surrogate,26,0.421827,1,0.00324474179539837,155833.36224433
4,50,DNN surrogate,26,0.497525,1,0.00326778020644257,155822.906813967
4,51,DNN surrogate,26,0.462665,1,0.00323081327705583,155834.083887395
4,52,DNN surrogate,26,0.51664,1,0.00322589937747418,155833.723884217
4,53,DNN surrogate,26,0.626581,1,0.00319220034869628,155835.665190702
4,54,DNN surrogate,26,0.575638,1,0.00317444225118243,155831.081982879
4,55,DNN surrogate,26,0.686823,1,0.00333475436615801,155819.924663214
4,56,DNN surrogate,26,0.445204,1,0.00322890312426044,155830.559410496
4,57,DNN surrogate,26,0.488703,1,0.00315061203303638,155835.724330735
4,58,DNN surrogate,26,0.616029,1,0.00321589483399418,155832.136885982
4,59,DNN surrogate,26,0.583824,1,0.00324597984814322,155826.938426499
4,60,DNN surrogate,26,0.466909,1,0.00333963282278143,155821.35443599
4,61,DNN surrogate,26,0.393554,1,0.00320798175337438,155832.43993877
4,62,DNN surrogate,26,0.48727,1,0.00324909305461912,155831.790012237
4,63,DNN surrogate,26,0.73059,1,0.00320346044306813,155829.597906516
4,64,DNN surrogate,26,0.413174,1,0.00324563070739742,155830.088583837
4,65,DNN surrogate,26,0.49979,1,0.00319676187388947,155835.342867914
4,66,DNN surrogate,26,0.471166,1,0.0032116693464843,155832.004455166
4,67,DNN surrogate,26,0.448958,1,0.00329667631419461,155826.522738915
4,68,DNN surrogate,26,0.466791,1,0.00317227606790003,155831.227331058
4,69,DNN surrogate,26,0.450725,1,0.00331486420568681,155832.622361542
4,70,DNN surrogate,26,0.446517,1,0.00321887094819611,155832.787427543
4,71,DNN surrogate,26,0.640031,1,0.00329257519067668,155827.114680933
4,72,DNN surrogate,26,0.453245,1,0.00313739848632126,155833.467641861
4,73,DNN surrogate,26,0.63077,1,0.00329547152239591,155832.630579401
4,74,DNN surrogate,26,0.492665,1,0.0033154314024034,155832.795349128
4,75,DNN surrogate,26,0.552293,1,0.0032766421257551,155827.899881081
4,76,DNN surrogate,26,0.515279,1,0.0032065659418081,155833.803508392
4,77,DNN surrogate,26,0.41444,1,0.00318553976615231,155831.434222411
4,78,DNN surrogate,26,0.68773,1,0.00323821713654542,155826.49406675
4,79,DNN surrogate,26,0.434784,1,0.00325331121505361,155826.833758961
4,80,DNN surrogate,26,0.472398,1,0.00324842232268693,155830.896439577
4,81,DNN surrogate,26,0.707221,1,0.00317450955002622,155833.76588423
4,82,DNN surrogate,26,0.436535,1,0.00313900976110351,155835.277400162
4,83,DNN surrogate,26,1.24458,1,0.00332870181396079,155822.599087721
4,84,DNN surrogate,26,0.37291,1,0.0031683372720163,155832.287911363
4,85,DNN surrogate,26,0.594515,1,0.00322745272289885,155833.055928464
4,86,DNN surrogate,26,0.488342,1,0.00318131939385378,155833.932922276
4,87,DNN surrogate,26,0.459918,1,0.00331960007274643,155824.550406101
4,88,DNN surrogate,26,0.464798,1,0.00328889432321337,155829.768537473
4,89,DNN surrogate,26,0.51953,1,0.0033205956927671,155824.14251741
4,90,DNN surrogate,26,0.411923,1,0.00335110388482561,155824.062106531
4,91,DNN surrogate,26,0.683384,1,0.00319435514428274,155836.509606098
4,92,DNN surrogate,26,0.659404,1,0.00325927874647059,155825.614307391
4,93,DNN surrogate,26,0.449516,1,0.00331849351828058,155824.188767154
4,94,DNN surrogate,26,0.474559,1,0.00314119249663083,155837.262453009
4,95,DNN surrogate,26,0.62476,1,0.00321480885166102,155827.460125739
4,96,DNN surrogate,26,0.667359,1,0.00321739573071988,155833.022686469
4,97,DNN surrogate,26,0.531458,1,0.00333744569868179,155824.187495076
4,98,DNN surrogate,26,0.466988,1,0.00321473046052647,155832.694712711
4,99,DNN surrogate,26,0.618219,1,0.00318465326610553,155833.180858028
4,100,DNN surrogate,26,0.465033,1,0.00325358835669964,155829.856205392
6,1,CG,25,27.692591,1,0.00317927427525764,362842.68081232
6,2,CG,25,27.768266,1,0.00317927427525764,362842.68081232
6,3,CG,25,28.44588,1,0.00317927427525764,362842.68081232
6,4,CG,25,29.078448,1,0.00316612161336538,362843.515169895
6,5,CG,25,45.970997,1,0.00317654583222652,362847.991808241
6,6,CG,25,36.396719,1,0.00319049099851303,362873.605891537
6,7,CG,25,27.009964,1,0.00316366995964405,362844.580242155
6,8,CG,25,26.294731,1,0.00319004754553162,362882.384674116
6,9,CG,25,35.800792,1,0.00318449004979536,362859.527161034
6,10,CG,25,58.58971,1,0.00317395954781925,362854.395118234
6,11,CG,25,35.346349,1,0.00316771123290061,362850.613560382
6,12,CG,25,35.120485,1,0.00315788647270246,362842.34271261
6,13,CG,25,34.486156,1,0.00317987304101577,362862.706266825
6,14,CG,25,26.159244,1,0.00316651855874722,362874.087758525
6,15,CG,25,34.973544,1,0.00316576852062663,362847.634251468
6,16,CG,25,30.359723,1,0.00317594143721379,362868.020574966
6,17,CG,25,36.754225,1,0.00316298149066236,362815.930182658
6,18,CG,25,24.930513,1,0.00316619628047952,362876.253077733
6,19,CG,25,26.680889,1,0.00315139409342105,362819.08190647
6,20,CG,25,26.111833,1,0.00315769010530963,362872.259842701
8,1,CG,25,35.468928,1,0.00317927427525733,645053.654777455
8,2,CG,25,45.098707,1,0.00317927427525733,645053.654777455
8,3,CG,25,51.982823,1,0.00317927427525733,645053.654777455
8,4,CG,25,69.107539,1,0.0031955367252631,645113.221922158
8,5,CG,25,37.718744,1,0.00317943903525096,645097.282155437
8,6,CG,25,31.891023,1,0.00315664467187978,645043.064140113
8,7,CG,25,33.005206,1,0.00317844913972712,645098.009756768
8,8,CG,25,32.813603,1,0.00319089765886215,645106.221363767
8,9,CG,25,40.520891,1,0.00316584160259069,645072.383586321
8,10,CG,25,30.099308,1,0.00317525939336836,645088.981490973
8,11,CG,25,45.615914,1,0.00318378149473446,645085.562220063
8,12,CG,25,33.089938,1,0.00317516960962146,645065.29972796
8,13,CG,25,32.88879,1,0.00316519876704672,645057.156674182
8,14,CG,25,34.299814,1,0.00318435731430658,645074.63281422
8,15,CG,25,29.770166,1,0.0031868800202601,645059.097824106
8,16,CG,25,38.987378,1,0.00316832942763275,645070.89660187
8,17,CG,25,38.166711,1,0.00317149942682636,645030.895222725
8,18,CG,25,34.230316,1,0.00315709934862683,645045.073579188
8,19,CG,25,34.268327,1,0.00316039649078002,645072.384800334
8,20,CG,25,55.382496,1,0.00316813114708502,645068.597909863
10,1,CG,25,55.431782,1,0.0031792742752576,1007896.33558977
10,2,CG,25,39.099706,1,0.0031792742752576,1007896.33558977
10,3,CG,25,56.273417,1,0.0031792742752576,1007896.33558977
10,4,CG,25,56.265282,1,0.00317614876630812,1007967.85815382
10,5,CG,25,48.137269,1,0.00318042362552555,1007922.12105498
10,6,CG,25,84.097791,1,0.00317459425544679,1007938.05866396
10,7,CG,25,61.387528,1,0.00319220499969074,1007965.64364464
10,8,CG,25,51.618067,1,0.00316050092818302,1007889.64286041
10,9,CG,25,45.228683,1,0.00319107006733797,1007965.24405344
10,10,CG,25,45.909799,1,0.00317719783813386,1007932.08540323
10,11,CG,25,50.809159,1,0.00317400372521535,1007956.51397179
10,12,CG,25,71.284336,1,0.00315963424736675,1007878.41206377
10,13,CG,25,52.934172,1,0.00317514307197801,1007894.69617299
10,14,CG,25,52.361535,1,0.00317201610781432,1007893.6743454
10,15,CG,25,52.800025,1,0.00317737585727505,1007937.61688349
10,16,CG,25,43.994072,1,0.00318077337716505,1007924.16155408
10,17,CG,25,37.677156,1,0.00318208257173874,1007950.79096103
10,18,CG,25,37.995234,1,0.00318759997600837,1007967.16487622
10,19,CG,25,54.551867,1,0.00318552577852567,1007948.07224591
10,20,CG,25,54.112195,1,0.00317164355736962,1007937.2726816
20,1,CG,25,290.970285,1,0.00317927427525758,4031585.34235915
20,2,CG,25,291.92677,1,0.00317927427525758,4031585.34235915
20,3,CG,25,287.405938,1,0.00317927427525758,4031585.34235915
20,4,CG,25,281.225218,1,0.00317023042707757,4031620.12147361
20,5,CG,25,394.322814,1,0.00317624444452269,4031784.03474038
20,6,CG,25,336.862532,1,0.00318482554595811,4031715.91891559
20,7,CG,25,314.696376,1,0.00317953330252712,4031745.95027523
20,8,CG,25,317.887212,1,0.00317205380938731,4031646.25521671
20,9,CG,25,326.050141,1,0.00317407326412567,4031651.29480065
20,10,CG,25,269.194191,1,0.00317599478548036,4031659.07789537
20,11,CG,25,291.997828,1,0.00317792618097514,4031683.31866464
20,12,CG,25,240.025001,1,0.00317937912762869,4031750.04619576
20,13,CG,25,299.861485,1,0.003178265046131,4031678.69477406
20,14,CG,25,334.646996,1,0.00318089883895373,4031755.13056405
20,15,CG,25,292.693465,1,0.0031707530531251,4031681.84183892
20,16,CG,25,236.609876,1,0.00317501190538777,4031742.73824633
20,17,CG,25,304.24019,1,0.00317851949602337,4031717.94425116
20,18,CG,25,324.711653,1,0.00317442052243555,4031700.09250061
20,19,CG,25,245.181578,1,0.00318074705710049,4031755.41902039
20,20,CG,25,339.956624,1,0.00317971194833245,4031709.2499227
30,1,CG,25,1511.081163,1,0.0031792742752576,9071067.02030798
30,2,CG,25,2692.136554,1,0.0031792742752576,9071067.02030798
30,3,CG,25,1955.276467,1,0.0031792742752576,9071067.02030798
30,4,CG,25,1864.457441,1,0.0031751804561914,9071389.05254151
30,5,CG,25,1793.110793,1,0.00317818084036693,9071429.33709225
40,1,CG,25,6833.02831,1,0.0031792742752576,16126341.3694364
40,2,CG,25,6012.05159,1,0.0031792742752576,16126341.3694364
40,3,CG,25,6289.318958,1,0.0031792742752576,16126341.3694364
40,4,CG,25,6328.43649,1,0.00317565223444159,16126781.5094605
40,5,CG,25,6176.519063,1,0.00317813931496837,16126832.0566123
6,1,DNN surrogate,26,0.926713,1,0.00322022336420604,350617.851942377
6,2,DNN surrogate,26,0.608472,1,0.00322022336420604,350617.851942377
6,3,DNN surrogate,26,0.653639,1,0.00322022336420604,350617.851942377
6,4,DNN surrogate,26,0.614628,1,0.00322719828780901,350613.408506382
6,5,DNN surrogate,26,0.406821,1,0.00326450471673966,350603.531322187
6,6,DNN surrogate,26,0.533603,1,0.00330343284292288,350605.297288655
6,7,DNN surrogate,26,0.556188,1,0.00330730329150189,350595.650345856
6,8,DNN surrogate,26,0.515006,1,0.00329982169731811,350614.683265939
6,9,DNN surrogate,26,0.643245,1,0.00327914967120199,350599.605005508
6,10,DNN surrogate,26,0.430957,1,0.0032479228345665,350622.621882634
6,11,DNN surrogate,26,0.496525,1,0.00324109787943315,350620.938881936
6,12,DNN surrogate,26,0.541379,1,0.00320917087467889,350617.1921313
6,13,DNN surrogate,26,0.475937,1,0.00327892305564752,350607.808788481
6,14,DNN surrogate,26,0.543729,1,0.00311134124051843,350637.956868605
6,15,DNN surrogate,26,0.451402,1,0.00331767147973569,350596.192655116
6,16,DNN surrogate,26,0.92204,1,0.00318915507165418,350625.950239441
6,17,DNN surrogate,26,0.794146,1,0.00320109320369894,350623.008497584
6,18,DNN surrogate,26,0.551187,1,0.00317381819554935,350619.785928769
6,19,DNN surrogate,26,0.478483,1,0.0032103468918546,350611.291365938
6,20,DNN surrogate,26,0.742359,1,0.00319840100343652,350617.661518966
8,1,DNN surrogate,26,0.870147,1,0.00322022336420605,623320.625675336
8,2,DNN surrogate,26,0.688511,1,0.00322022336420605,623320.625675336
8,3,DNN surrogate,26,0.745196,1,0.00322022336420605,623320.625675336
8,4,DNN surrogate,26,0.655871,1,0.00332691535517495,623310.283755533
8,5,DNN surrogate,26,0.889328,1,0.00326384216220798,623317.757088206
8,6,DNN surrogate,26,1.034149,1,0.00320881215877908,623312.58031109
8,7,DNN surrogate,26,0.81732,1,0.00323692579572752,623311.239845254
8,8,DNN surrogate,26,0.853115,1,0.00323421356846502,623318.606939072
8,9,DNN surrogate,26,0.909324,1,0.00319554006796255,623329.575442025
8,10,DNN surrogate,26,0.894048,1,0.00318767028969807,623332.470030881
8,11,DNN surrogate,26,1.077044,1,0.00326949574282737,623322.243504571
8,12,DNN surrogate,26,0.758133,1,0.00326194444996647,623318.758383303
8,13,DNN surrogate,26,0.825731,1,0.00318984900070265,623325.989336778
8,14,DNN surrogate,26,1.005672,1,0.00317352644318571,623317.105506596
8,15,DNN surrogate,26,0.782342,1,0.00325676097821975,623310.790606272
8,16,DNN surrogate,26,0.792819,1,0.00323222856696117,623323.139531244
8,17,DNN surrogate,26,0.782162,1,0.00327185213498339,623303.385594246
8,18,DNN surrogate,26,0.768151,1,0.00323654025922533,623292.437618697
8,19,DNN surrogate,26,0.982203,1,0.00312810626862802,623335.644969748
8,20,DNN surrogate,26,0.962243,1,0.00324322896779572,623310.382286187
10,1,DNN surrogate,26,1.009532,1,0.00322022336420604,973938.47761771
10,2,DNN surrogate,26,1.045481,1,0.00322022336420604,973938.47761771
10,3,DNN surrogate,26,1.004676,1,0.00322022336420604,973938.47761771
10,4,DNN surrogate,26,1.413608,1,0.00326067744389287,973910.982742155
10,5,DNN surrogate,26,1.140176,1,0.00324010063120922,973948.155046946
10,6,DNN surrogate,26,1.197769,1,0.00319290208247399,973942.485455058
10,7,DNN surrogate,26,1.276639,1,0.00324853852681133,973895.858622923
10,8,DNN surrogate,26,1.113612,1,0.00318717057343181,973922.270402179
10,9,DNN surrogate,26,1.109008,1,0.00327079007124131,973926.035978924
10,10,DNN surrogate,26,1.502246,1,0.00323965213172987,973946.91383098
10,11,DNN surrogate,26,1.048389,1,0.00314958114885614,973958.384501859
10,12,DNN surrogate,26,1.024646,1,0.00319685443755605,973944.821889349
10,13,DNN surrogate,26,1.021191,1,0.00328952288082767,973908.307129025
10,14,DNN surrogate,26,1.089218,1,0.00315304715948189,973944.62043577
10,15,DNN surrogate,26,1.286096,1,0.00328352064043388,973911.060513
10,16,DNN surrogate,26,1.317223,1,0.00326048981024884,973931.631172423
10,17,DNN surrogate,26,1.027021,1,0.00329064727749157,973891.911729943
10,18,DNN surrogate,26,1.12584,1,0.0033561643003027,973865.486883886
10,19,DNN surrogate,26,1.128355,1,0.00329384814537311,973921.972920352
10,20,DNN surrogate,26,1.285564,1,0.00329088387316048,973914.264861373
20,1,DNN surrogate,26,3.253242,1,0.00322022336420605,3895753.91047089
20,2,DNN surrogate,26,3.406814,1,0.00322022336420605,3895753.91047089
20,3,DNN surrogate,26,4.328677,1,0.00322022336420605,3895753.91047089
20,4,DNN surrogate,26,3.33831,1,0.00318207480213639,3895764.70501866
20,5,DNN surrogate,26,3.96652,1,0.00329513949920543,3895738.82409569
20,6,DNN surrogate,26,3.792514,1,0.00327761599175376,3895742.04413001
20,7,DNN surrogate,26,3.175663,1,0.00330655460709832,3895553.3766672
20,8,DNN surrogate,26,3.025048,1,0.00326738153598438,3895730.16086042
20,9,DNN surrogate,26,4.76692,1,0.00324092983911858,3895809.84711547
20,10,DNN surrogate,26,4.818312,1,0.00320713049068123,3895818.65699443
20,11,DNN surrogate,26,3.173812,1,0.00321495882460505,3895801.2334936
20,12,DNN surrogate,26,4.200265,1,0.00330445785485024,3895523.90761128
20,13,DNN surrogate,26,4.126527,1,0.00320462034240471,3895820.87759994
20,14,DNN surrogate,26,3.385988,1,0.00333828507758584,3895650.84450583
20,15,DNN surrogate,26,3.364582,1,0.00325695081370491,3895731.00220497
20,16,DNN surrogate,26,3.818068,1,0.00322839768009154,3895786.15074127
20,17,DNN surrogate,26,3.843896,1,0.00315708549571944,3895768.3797336
20,18,DNN surrogate,26,3.840568,1,0.00318552816878886,3895953.16422799
20,19,DNN surrogate,26,5.49391,1,0.00325630237387859,3895688.88852091
20,20,DNN surrogate,26,3.987913,1,0.00320997517440076,3895823.05458747
30,1,DNN surrogate,26,6.767281,1,0.00322022336420604,8765446.29855943
30,2,DNN surrogate,26,6.689972,1,0.00322022336420604,8765446.29855943
30,3,DNN surrogate,26,7.728642,1,0.00322022336420604,8765446.29855943
30,4,DNN surrogate,26,7.686501,1,0.00325172691939823,8765331.28627588
30,5,DNN surrogate,26,6.703577,1,0.00322440234124586,8765357.29562994
30,6,DNN surrogate,26,6.412267,1,0.00324632652786269,8765442.11448718
30,7,DNN surrogate,26,9.652397,1,0.00317033722533311,8765502.89152609
30,8,DNN surrogate,26,11.719317,1,0.00319210725445778,8765531.27799665
30,9,DNN surrogate,26,14.435182,1,0.00328612628681711,8765310.98489495
30,10,DNN surrogate,26,7.287689,1,0.00325033014049173,8765228.07255006
30,11,DNN surrogate,26,7.562446,1,0.00322282493087977,8765518.9999657
30,12,DNN surrogate,26,6.956554,1,0.00316020457225483,8765740.82030906
30,13,DNN surrogate,26,7.007143,1,0.00324510298175229,8765415.01204659
30,14,DNN surrogate,26,6.889365,1,0.00329233701837896,8765283.09074366
30,15,DNN surrogate,26,6.630693,1,0.00317576830192851,8765580.85583634
30,16,DNN surrogate,26,6.680642,1,0.00321601212610647,8765591.61866692
30,17,DNN surrogate,26,7.578596,1,0.00331963028936992,8765159.74184464
30,18,DNN surrogate,26,11.877547,1,0.00326936553233375,8765315.50859744
30,19,DNN surrogate,26,10.257579,1,0.00320001934521665,8765655.28430186
30,20,DNN surrogate,26,7.172483,1,0.00322800067753979,8765640.64343265
40,1,DNN surrogate,26,23.830293,1,0.00322022336420605,15583015.6418834
40,2,DNN surrogate,26,11.781306,1,0.00322022336420605,15583015.6418834
40,3,DNN surrogate,26,11.453937,1,0.00322022336420605,15583015.6418834
40,4,DNN surrogate,26,12.522753,1,0.00319894389556899,15583118.8927685
40,5,DNN surrogate,26,13.184166,1,0.0032921006628718,15582559.7477271
40,6,DNN surrogate,26,13.199831,1,0.00321285655942529,15583017.7085354
40,7,DNN surrogate,26,14.404917,1,0.00324725338655171,15582511.6569722
40,8,DNN surrogate,26,18.762687,1,0.00324876411475225,15582840.6702644
40,9,DNN surrogate,26,12.438002,1,0.0032786350043882,15582472.68214
40,10,DNN surrogate,26,13.811585,1,0.00320099962348558,15582901.4913031
40,11,DNN surrogate,26,11.752704,1,0.0032256576250787,15583031.4046441
40,12,DNN surrogate,26,12.918536,1,0.00321045464314435,15582819.0167843
40,13,DNN surrogate,26,11.879876,1,0.00320195214475514,15583051.6226828
40,14,DNN surrogate,26,12.085491,1,0.00323487969235702,15583242.3995074
40,15,DNN surrogate,26,14.019609,1,0.00323038077989126,15582946.6722042
40,16,DNN surrogate,26,11.668073,1,0.0032241996781088,15583640.890793
40,17,DNN surrogate,26,15.536483,1,0.00324519786646469,15582785.1805341
40,18,DNN surrogate,26,12.070171,1,0.00330053850986111,15582167.3574894
40,19,DNN surrogate,26,15.627526,1,0.00324952684240952,15582400.616377
40,20,DNN surrogate,26,20.857619,1,0.00323668056566812,15582527.9121145
