taskId	pathway	beta	pathwayGain	matchedFppW	gain6	gainI	fixedPointConverged	termination	iterations	fixedPointResidual	relativeFixedPointShift	HCnormFromBaseline	minimumRateHz	maximumRateHz	trueMaxRealLambda	trueLeadingImag	fppMaxRealLambda	fppLeadingImag	trueMinusFppMaxReal	analyticJvpRelativeError	baselineJacobianRelativeError	isRepresentative
1	L6	-0.5	0.5	0.5	0.5	1	1	converged	93	7.51823404374561e-11	0.574933877535285	15.8981809898404	3.47841645968314	39.5344834789349	0.363275130957126	0	0.429403445945758	0	-0.0661283149886324	7.44700426059625e-08	NaN	0
2	L6	-0.475	0.525	0.475	0.525	1	1	converged	94	8.76912398361938e-11	0.564468422694295	15.6021634711453	3.49301733987197	40.4216900550618	0.382520652075542	0	0.445903175706988	0	-0.0633825236314465	7.98044109373938e-08	NaN	0
3	L6	-0.45	0.55	0.45	0.55	1	1	converged	95	8.60190857395866e-11	0.553354940758216	15.2886174334077	3.5077440193591	41.3615578593876	0.401952299950015	0	0.462581915993012	0	-0.0606296160429967	7.20564842044477e-08	NaN	0
4	L6	-0.425	0.575	0.425	0.575	1	1	converged	93	4.06881195102271e-11	0.541544961723014	14.9562422944995	3.5225822377022	42.3564829206428	0.421428657046001	0	0.479438109157965	0	-0.0580094521119647	7.62334599233875e-08	NaN	0
5	L6	-0.4	0.6	0.4	0.6	1	1	converged	90	9.19844457973051e-11	0.528988032776904	14.6036818357615	3.53752321172659	43.4089553286218	0.440852629761386	0	0.496470205701286	0	-0.0556175759399001	7.29626592440521e-08	NaN	1
6	L6	-0.375	0.625	0.375	0.625	1	1	converged	91	7.92143247575508e-11	0.515628369167858	14.229438677228	3.5525675698812	44.522421983272	0.460292422134765	0	0.513676650734152	0	-0.0533842285993875	6.4179465490861e-08	NaN	0
7	L6	-0.35	0.65	0.35	0.65	1	1	converged	93	8.74609446576459e-11	0.501399210114794	13.8317302156036	3.56772849636785	45.7023937385848	0.47982173605799	0	0.531055875851335	0	-0.0512341397933453	6.72281816067424e-08	NaN	0
8	L6	-0.325	0.675	0.325	0.675	1	1	converged	96	8.71734420419514e-11	0.486216161832232	13.4083181361273	3.58303291043253	46.9573121787452	0.499650475786792	0	0.548606295465979	0	-0.0489558196791873	6.35060963550324e-08	NaN	0
9	L6	-0.3	0.7	0.3	0.7	1	1	converged	99	9.4110880991317e-11	0.469972209404596	12.9563800142802	3.5985205175987	48.2985405807661	0.520033247873865	0	0.566326306903686	0	-0.0462930590298218	6.27884541627122e-08	NaN	0
10	L6	-0.275	0.725	0.275	0.725	1	1	converged	103	9.45324690858601e-11	0.452537626515933	12.4725072763072	3.61424308091355	49.739078620239	0.541086301266009	0	0.584214293746193	0	-0.0431279924801837	6.46307954559276e-08	NaN	0
11	L6	-0.25	0.75	0.25	0.75	1	1	converged	108	8.82622124300321e-11	0.433766276646246	11.952871642611	3.63026946699948	51.2913981287636	0.562655189896657	0	0.602268632078627	0	-0.0396134421819704	6.0273430347402e-08	NaN	0
12	L6	-0.225	0.775	0.225	0.775	1	1	converged	113	9.09495070475395e-11	0.413505586563169	11.3934937455389	3.64670274204834	52.9656866024858	0.584353122414302	0	0.620487699442477	0	-0.036134577028175	7.15666074679328e-08	NaN	0
13	L6	-0.2	0.8	0.2	0.8	1	1	converged	119	8.65782686974054e-11	0.391562764474914	10.78925109496	3.66369781117762	54.78246043489	0.606737916718349	0	0.638869886441629	0	-0.0321319697232804	6.7713408197047e-08	NaN	1
14	L6	-0.175	0.825	0.175	0.825	1	1	converged	125	9.18004208612561e-11	0.367452466863176	10.1265817612568	3.68134502602968	56.8354795033073	0.631003753090383	0	0.659481034107955	0	-0.028477281017572	7.37204267306421e-08	NaN	0
15	L6	-0.15	0.85	0.15	0.85	1	1	converged	133	9.65078683970189e-11	0.340301790197568	9.38086049294446	3.699559096927	59.2928779822205	0.65969037716062	0	0.682747419455036	0	-0.0230570422944161	6.02909625426674e-08	NaN	0
16	L6	-0.125	0.875	0.125	0.875	1	1	converged	163	9.10447138243411e-11	0.306026994607702	8.43574058830183	3.7162154976718	63.0582469111824	0.731939787886359	0	0.706113390280528	0	0.0258263976058311	6.69046948207508e-08	NaN	0
17	L6	-0.1	0.9	0.1	0.9	1	1	converged	189	9.87328005392676e-11	0.262039808404386	7.21981950724549	3.72797030684664	68.0724176662113	0.763720589428312	0	0.729577699899204	0	0.0341428895291079	7.46703630755345e-08	NaN	0
18	L6	-0.075	0.925	0.075	0.925	1	1	converged	214	9.27579642063865e-11	0.206853924536884	5.69538204471696	3.73262040899418	74.0013605521875	0.806284021303172	0	0.75313896262763	0	0.0531450586755424	6.98171053578266e-08	NaN	0
19	L6	-0.05	0.95	0.05	0.95	1	1	converged	207	9.88688009436377e-11	0.140673031413095	3.87241743408665	3.72333710217529	80.1946364231674	0.810159447439972	0	0.776795726008371	0	0.0333637214316006	6.56554760593752e-08	NaN	0
20	L6	-0.025	0.975	0.025	0.975	1	1	converged	210	9.99378746605503e-11	0.0717110259674338	1.9722047026017	3.7009550984073	84.3215576567113	0.825881670007912	0	0.800546522877165	0	0.0253351471307469	7.05766834830345e-08	NaN	0
21	L6	0	1	-0	1	1	1	converged	1	7.11586682117354e-16	6.69103592862072e-17	1.96436219862085e-15	3.67579812708648	88.7751290580242	0.824389911750741	0	0.824389911750729	0	1.19904086659517e-14	5.49179274390986e-08	4.77595915879073e-13	1
22	L6	0.025	1.025	-0.025	1.025	1	1	converged	238	9.59184496376836e-11	0.0759884100166105	2.08833319031797	3.65553956267682	93.0888449973057	0.83202916406732	0	0.848324511307108	0	-0.016295347239788	6.36902794334714e-08	NaN	0
23	L6	0.05	1.05	-0.05	1.05	1	1	converged	231	9.61424081047847e-11	0.154736256501295	4.25173682088512	3.64585089329608	97.8924263282696	0.843958713752577	0	0.872349033360096	0	-0.0283903196075186	6.0569060775689e-08	NaN	0
24	L6	0.075	1.075	-0.075	1.075	1	1	converged	221	9.44524178956924e-11	0.236298925176572	6.49122339539645	3.66078133169847	102.448251023437	0.862142427929584	0	0.897519846195808	0	-0.0353774182662242	5.83307806196844e-08	NaN	0
25	L6	0.1	1.1	-0.1	1.1	1	1	converged	241	9.92441589098142e-11	0.328354927663705	9.02626472251742	3.69944588016595	106.576186598838	0.880469646074789	0	0.923383571304422	0	-0.0429139252296328	5.45718302702893e-08	NaN	0
26	L6	0.125	1.125	-0.125	1.125	1	1	converged	359	9.89812540458745e-11	0.431792273302497	11.8817946107206	3.7738134206966	110.034007844478	0.938735158833501	0	0.949330188325235	0	-0.0105950294917349	5.92849206137154e-08	NaN	0
27	L6	0.15	1.15	-0.15	1.15	1	1	converged	295	9.7281521385881e-11	0.546365862729753	15.0458495492803	3.8939568802272	112.412283765146	0.926766761185775	0	0.975355733598342	0	-0.0485889724125664	5.79415577350996e-08	NaN	0
28	L6	0.175	1.175	-0.175	1.175	1	1	converged	554	9.95086710191584e-11	0.726609070065941	20.0614626984286	5.07277590245714	113.247297972928	0.973153187138858	0	1.00145673230525	0	-0.0283035451663908	6.4397874970254e-08	NaN	0
29	L6	0.2	1.2	-0.2	1.2	1	1	converged	505	9.77074964297437e-11	0.966211181854539	26.6754949392127	7.15701199608472	113.875554454543	0.925844910444063	0	1.02763010176524	0	-0.101785191321181	5.71668798961178e-08	NaN	1
30	L6	0.225	1.225	-0.225	1.225	1	1	converged	197	9.30043077857469e-11	1.05228369960728	28.9997693019121	7.47062917798596	116.795743597043	0.706216580445204	0	1.05387307759798	0	-0.347656497152775	5.96941425042441e-08	NaN	0
31	L6	0.25	1.25	-0.25	1.25	1	1	converged	171	9.65536750308609e-11	1.12620961240354	30.9846715587135	7.59111271019261	119.942483757737	0.659094817611963	0	1.08018315675594	0	-0.421088339143978	7.07002981981448e-08	NaN	0
32	L6	0.275	1.275	-0.275	1.275	1	1	converged	158	8.88717806360828e-11	1.19645723740214	32.8689014628511	7.66374908966338	123.119474964796	0.636368657466213	0	1.11007382151573	0	-0.47370516404952	5.79501174615624e-08	NaN	0
33	L6	0.3	1.3	-0.3	1.3	1	1	converged	68	8.16323377366692e-11	4.09753908829401	177.075626127121	199.605963249812	199.70424091351	0.00783469420691304	0	1.1414596833136	0	-1.13362498910669	3.81188636640184e-06	NaN	0
34	L6	0.325	1.325	-0.325	1.325	1	1	converged	66	7.93053843089031e-11	4.09754843935495	177.075911316239	199.605973538463	199.704581602739	0.00782382303049316	0	1.17294511477066	0	-1.16512129174017	3.86833903329865e-06	NaN	0
35	L6	0.35	1.35	-0.35	1.35	1	1	converged	65	8.15031537691123e-11	4.09755806748359	177.076204948256	199.605984646919	199.704934379819	0.00781265003030189	0	1.20440714915405	0	-1.19659449912375	4.23755579446997e-06	NaN	0
36	L6	0.375	1.375	-0.375	1.375	1	1	converged	64	9.48688896195404e-11	4.0975679716448	177.076506926957	199.605996647258	199.705300518943	0.00780118412759753	0	1.2358428861141	0	-1.2280417019865	4.06024618652233e-06	NaN	0
37	L6	0.4	1.4	-0.4	1.4	1	1	converged	64	8.30876197019496e-11	4.09757815095215	177.076817169553	199.606009626318	199.705681230106	0.00778941523679676	0	1.26725029209957	0	-1.25946087686278	4.73912918469917e-06	NaN	1
38	L6	0.425	1.425	-0.425	1.425	1	1	converged	64	7.09833988596161e-11	4.09758860603164	177.077135647462	199.606023666255	199.706077588062	0.0077773145245196	0	1.29862798053178	0	-1.29085066600726	3.81156123104262e-06	NaN	0
39	L6	0.45	1.45	-0.45	1.45	1	1	converged	63	9.33285648959705e-11	4.09759934054288	177.077462441468	199.606038853931	199.706490481514	0.00776484053706693	0	1.32997505198415	0	-1.32221021144708	4.90089003472923e-06	NaN	0
40	L6	0.475	1.475	-0.475	1.475	1	1	converged	63	8.54595699156571e-11	4.09761036204158	177.0777977785	199.606055302577	199.706920576872	0.00775194938924778	0	1.36129097638598	0	-1.35353902699673	4.52002839018245e-06	NaN	0
41	L6	0.5	1.5	-0.5	1.5	1	1	converged	63	7.95362800643044e-11	4.09762168040324	177.07814196925	199.60607311435	199.707368273333	0.00773860582783466	0	1.39257550513359	0	-1.38483689930575	4.72945726831353e-06	NaN	0
42	Inhibition	-0.5	0.5	0.5	1	0.5	1	converged	61	8.66179372920591e-11	4.10014334960615	177.154099938782	199.626288362192	199.896392905693	0.00564683877502359	0	3.39134667151458	0	-3.38569983273956	6.05311613163373e-06	NaN	0
43	Inhibition	-0.475	0.525	0.475	1	0.525	1	converged	61	8.52869621807126e-11	4.10010623777046	177.150857153911	199.617757460359	199.89796795524	0.00488962928553467	0	3.20554314985669	0	-3.20065352057116	5.04458895194073e-06	NaN	0
44	Inhibition	-0.45	0.55	0.45	1	0.55	1	converged	61	8.58970808782032e-11	4.09988704502333	177.136892638923	199.592730208567	199.898181067238	0.00523385982672626	0	3.01845745116834	0	-3.01322359134161	5.69087231180282e-06	NaN	0
45	Inhibition	-0.425	0.575	0.425	1	0.575	1	converged	61	8.65456909907358e-11	4.09971625013149	177.126544035674	199.575840930518	199.898065877047	0.00552198816581902	0	2.82980557440853	0	-2.82428358624271	5.68578006631902e-06	NaN	0
46	Inhibition	-0.4	0.6	0.4	1	0.6	1	converged	61	8.56772231905492e-11	4.09996225529728	177.125199380164	199.565057868423	200.00060793738	0.00630429532913832	0	2.63920558701111	0	-2.63290129168197	3.68109189607057e-06	NaN	1
47	Inhibition	-0.375	0.625	0.375	1	0.625	1	converged	61	8.44478403613767e-11	4.09907944732284	177.099095770851	199.559145114456	199.930147049157	0.00673824415898977	0	2.4461275554528	0	-2.43938931129381	1.84659682361644e-06	NaN	0
48	Inhibition	-0.35	0.65	0.35	1	0.65	1	converged	61	8.95579770967125e-11	4.0973910683276	177.055447574897	199.555942861589	199.730313229782	0.00636963227243409	0	2.24980618598607	0	-2.24343655371363	3.14973864468341e-06	NaN	0
49	Inhibition	-0.325	0.675	0.325	1	0.675	1	converged	61	9.21225786713289e-11	4.09692096790717	177.041680819697	199.554394419867	199.697625879249	0.00660395228608237	0	2.04907540804415	0	-2.04247145575807	3.15591647250019e-06	NaN	0
50	Inhibition	-0.3	0.7	0.3	1	0.7	1	converged	61	9.44194745274025e-11	4.09661058557901	177.03264769473	199.553833667723	199.677668439654	0.00686738030941897	0	1.84201604468476	0	-1.83514866437534	3.56623506345247e-06	NaN	0
51	Inhibition	-0.275	0.725	0.275	1	0.725	1	converged	61	9.66037379398083e-11	4.09641471079127	177.0269273977	199.553583334531	199.666353866972	0.00707545891479167	0	1.6250481105287	0	-1.61797265161391	4.06827848161117e-06	NaN	0
52	Inhibition	-0.25	0.75	0.25	1	0.75	1	converged	61	9.92898317688174e-11	4.09633308906817	177.024519593825	199.55359376029	199.662485795488	0.00756173642985456	0	1.40141051573654	0	-1.39384877930668	4.34952187719711e-06	NaN	0
53	Inhibition	-0.225	0.775	0.225	1	0.775	1	converged	62	6.80120278948909e-11	4.09635206639676	177.025345525489	199.554498823694	199.663155763699	0.00766921288839176	0	1.20991620653626	0	-1.20224699364787	4.08465501537235e-06	NaN	0
54	Inhibition	-0.2	0.8	0.2	1	0.8	1	converged	62	6.99063717923905e-11	4.09639317578995	177.027131335795	199.556441877012	199.664581863863	0.00776280225695721	0	1.13886310610506	0	-1.13110030384811	3.73626511415217e-06	NaN	1
55	Inhibition	-0.175	0.825	0.175	1	0.825	1	converged	62	7.32187776148752e-11	4.09645609440445	177.029862913977	199.55940742257	199.666753232159	0.00784170050064846	0	1.07366437547079	0	-1.06582267497014	4.64363391037601e-06	NaN	0
56	Inhibition	-0.15	0.85	0.15	1	0.85	1	converged	62	8.09320024914304e-11	4.09654032651932	177.033518608666	199.563371739789	199.669653273616	0.00790520834879836	0	1.0140222810167	0	-1.0061170726679	4.05623445882236e-06	NaN	0
57	Inhibition	-0.125	0.875	0.125	1	0.875	1	converged	62	9.76881445764006e-11	4.09664521117062	177.038069563912	199.568303255916	199.67325990728	0.00795274265367073	0	0.959852779818729	0	-0.951900037165058	3.92489817784976e-06	NaN	0
58	Inhibition	-0.1	0.9	0.1	1	0.9	1	converged	64	7.76939818757797e-11	4.09676993234481	177.043480167465	199.57416304326	199.677545891664	0.00798384586171597	0	0.91696549793573	0	-0.908981652074014	4.40819789514175e-06	NaN	0
59	Inhibition	-0.075	0.925	0.075	1	0.925	1	converged	234	9.42564226864517e-11	0.546235537745504	15.6302965615587	4.41718029993807	114.939774571108	0.875336746430981	0	0.889446290413662	0	-0.0141095439826813	5.59432317045545e-08	NaN	0
60	Inhibition	-0.05	0.95	0.05	1	0.95	1	converged	199	9.20611078484214e-11	0.320213253689043	9.15260965983053	4.01524581960132	107.103665550724	0.844149660698259	0	0.864304284772385	0	-0.0201546240741257	4.68930765084166e-08	NaN	0
61	Inhibition	-0.025	0.975	0.025	1	0.975	1	converged	217	9.33118999813753e-11	0.147183149151613	4.20109296246949	3.81254553233467	97.6821937217143	0.807813541870016	0	0.843452707999693	0	-0.0356391661296765	5.54138862850689e-08	NaN	0
62	Inhibition	0	1	-0	1	1	1	converged	1	7.11586682117354e-16	6.69103592862072e-17	1.96436219862085e-15	3.67579812708648	88.7751290580242	0.824389911750741	0	0.824389911750729	0	1.19904086659517e-14	6.33153446035629e-08	4.77595915879073e-13	1
63	Inhibition	0.025	1.025	-0.025	1	1.025	1	converged	220	9.34321331001666e-11	0.126155414189017	3.59321888334098	3.57950010078221	80.8931400888701	0.816180464846028	0	0.806726251467916	0	0.00945421337811236	6.41172433602256e-08	NaN	0
64	Inhibition	0.05	1.05	-0.05	1	1.05	1	converged	274	9.7295992967206e-11	0.237744469872605	6.75652914170912	3.49120252262699	72.17799152908	0.847892864887613	0	0.790341386420075	0	0.0575514784675377	6.92214614433428e-08	NaN	0
65	Inhibition	0.075	1.075	-0.075	1	1.075	1	converged	259	9.97125448163572e-11	0.322201797453175	9.15059632443936	3.39528898022384	61.9106966830823	0.812681774160455	0	0.775128064268547	0	0.0375537098919074	6.96485399821307e-08	NaN	0
66	Inhibition	0.1	1.1	-0.1	1	1.1	1	converged	193	9.50521844469868e-11	0.377302843728159	10.7272450763873	3.30326924396124	56.525824703929	0.73825584012963	0	0.761281293278342	0	-0.0230254531487115	5.52834657648776e-08	NaN	0
67	Inhibition	0.125	1.125	-0.125	1	1.125	1	converged	186	9.77823071844835e-11	0.421573230791165	11.9994403104464	3.2250679341079	52.8926199216091	0.728327283167355	0	0.749917508053952	0	-0.0215902248865968	5.96768005434935e-08	NaN	0
68	Inhibition	0.15	1.15	-0.15	1	1.15	1	converged	183	9.857695294413e-11	0.460467031676846	13.1194709950801	3.15715084447079	49.6871995581729	0.720879737725201	0	0.739519032087556	0	-0.018639294362355	6.09953020770803e-08	NaN	0
69	Inhibition	0.175	1.175	-0.175	1	1.175	1	converged	179	9.87966396121578e-11	0.494944105471318	14.1145349802543	3.09558014782962	46.7848015666621	0.711656955299209	0	0.73240963917198	0	-0.0207526838727706	7.22062500046061e-08	NaN	0
70	Inhibition	0.2	1.2	-0.2	1	1.2	1	converged	175	9.71685797945867e-11	0.525608056250064	15.0017531999398	3.03793992247849	44.1549700604209	0.701776322233402	0	0.725662194168571	0	-0.0238858719351694	6.91251182261078e-08	NaN	1
71	Inhibition	0.225	1.225	-0.225	1	1.225	1	converged	171	9.31012349443413e-11	0.553001884070465	15.7964898267965	2.98289392007213	41.7592047871045	0.691672517203141	0	0.719251621179769	0	-0.0275791039766282	7.12239409693227e-08	NaN	0
72	Inhibition	0.25	1.25	-0.25	1	1.25	1	converged	166	9.56442347260857e-11	0.577552663123043	16.5108849163113	2.92976157067609	39.5779918076369	0.681527913140014	0	0.713155145122863	0	-0.0316272319828489	7.45246438326579e-08	NaN	0
73	Inhibition	0.275	1.275	-0.275	1	1.275	1	converged	161	9.8437185851329e-11	0.599609296762378	17.154824045147	2.87820260501011	37.6006965378484	0.67170989117922	0	0.7073519812969	0	-0.0356420901176793	7.66433513159239e-08	NaN	0
74	Inhibition	0.3	1.3	-0.3	1	1.3	1	converged	157	9.49078620831049e-11	0.619483087515292	17.7370397167631	2.8280421191352	35.8100775066407	0.66237703090615	0	0.701823091425342	0	-0.0394460605191926	8.9775335388568e-08	NaN	0
75	Inhibition	0.325	1.325	-0.325	1	1.325	1	converged	153	9.71807493126458e-11	0.637455970767379	18.2654055660355	2.77920771401626	34.1827243109724	0.653307674149645	0	0.696550985776666	0	-0.0432433116270209	7.51415793085957e-08	NaN	0
76	Inhibition	0.35	1.35	-0.35	1	1.35	1	converged	150	9.10553242454056e-11	0.65377576370247	18.7468595376514	2.73170072686579	32.6960781725286	0.644182631680879	0	0.69151955861751	0	-0.0473369269366312	8.76871206818795e-08	NaN	0
77	Inhibition	0.375	1.375	-0.375	1	1.375	1	converged	146	9.78955779816943e-11	0.668654970473	19.1873759041119	2.68556375230306	31.331917553474	0.634855518291123	0	0.686713948719973	0	-0.05185843042885	8.44461184979663e-08	NaN	0
78	Inhibition	0.4	1.4	-0.4	1	1.4	1	converged	143	9.23598828987104e-11	0.682273974137471	19.5920370196951	2.64084859904526	30.0761081870151	0.625391172342669	0	0.682120419336615	0	-0.0567292469939458	7.47329061824658e-08	NaN	1
79	Inhibition	0.425	1.425	-0.425	1	1.425	1	converged	139	9.95477280661715e-11	0.694785504389623	19.9651444409032	2.59759452003396	28.9172558937509	0.615961206897167	0	0.677726253727474	0	-0.0617650468303073	8.35328002633318e-08	NaN	0
80	Inhibition	0.45	1.45	-0.45	1	1.45	1	converged	136	9.40007922707648e-11	0.706318903020942	20.3103344046265	2.47067611069663	27.845660900397	0.60673294211246	0	0.673519663393516	0	-0.0667867212810563	7.58461633012831e-08	NaN	0
81	Inhibition	0.475	1.475	-0.475	1	1.475	1	converged	133	8.97155013392417e-11	0.716983973619699	20.6306880070348	2.32099462802331	26.8527720807519	0.597812183325851	0	0.66948970687925	0	-0.0716775235533984	7.62535721451591e-08	NaN	0
82	Inhibition	0.5	1.5	-0.5	1	1.5	1	converged	130	8.73546880267371e-11	0.726874438993375	20.9288322125973	2.1826979358923	25.9309459450664	0.589251024282718	0	0.665626217491827	0	-0.0763751932091088	7.46504377649134e-08	NaN	0
