taskId	beta6	betaI	arcLength	staticResponseError	dynamicDifference	responseGain	quadratureError	solverError	derivativeError	fixedPointResidual
1	0	0	0	1.96842198418486e-15	0	0.842847166287765	0	8.78713197850435e-11	0	7.13268942582932e-16
2	0.02	0.0112330889194923	0.0229386635764427	0.275316447197202	0.0647637110025187	0.839718763128481	1.44389242676402e-05	NaN	7.9419350987006e-10	9.90727297551613e-11
3	0.04	0.0224661778389846	0.0458773271528855	0.536903603764941	0.11380334844193	0.807097281277263	2.53806290531761e-05	NaN	7.68601988907354e-10	9.98465036970384e-11
4	0.06	0.033699266758477	0.0688159907293282	0.784628249792725	0.100507362736811	0.800049492806644	2.24242220893123e-05	NaN	8.10948966049065e-10	9.74150995076735e-11
5	0.073	0.041000774556147	0.083726122054016	0.945169323598836	0.0880023125342523	0.797401991315353	1.96475010930952e-05	1.1430229546683e-10	7.95974576576104e-10	9.67733129479177e-11
6	0.0871890375537804	0.0489701105823285	0.1	1.11806230527078	0.101181264502973	0.788872619807934	2.25914276580502e-05	NaN	7.94197673585791e-10	9.87540174594565e-11
7	0.108986296942225	0.0612126382279106	0.125	1.38185329352984	0.11882925813631	0.783912392450615	2.65286810784693e-05	NaN	8.32601908109204e-10	9.93830603155415e-11
8	0.130783556330671	0.0734551658734928	0.15	1.63737449993246	0.172228862469104	0.754537879154318	3.8450215218977e-05	NaN	8.12592615238253e-10	9.60458218390292e-11
9	0.152580815719116	0.0856976935190749	0.175	1.88174088413943	0.19182627058247	0.742138568989777	4.28253516752408e-05	NaN	8.16282158806053e-10	9.77660626531917e-11
10	0.174378075107561	0.097940221164657	0.2	2.12494384548221	0.172202897851499	0.747315804080906	3.84573710829339e-05	NaN	8.51117146126592e-10	9.98192254903524e-11
11	0.196175334496006	0.110182748810239	0.225	2.3662573487958	0.221769391052019	0.723554245238137	4.95272694284177e-05	NaN	8.57964244833792e-10	9.65105617568323e-11
12	0.217972593884451	0.122425276455821	0.25	2.60850930772711	0.211808133769796	0.723828291592471	4.73126266334611e-05	NaN	8.3576990598223e-10	9.62793787971369e-11
13	0.239769853272896	0.134667804101403	0.275	2.8646764586955	0.223278097238247	0.721798026022938	4.98726397764049e-05	NaN	8.51142056849426e-10	9.71061727043292e-11
14	0.261567112661341	0.146910331746985	0.3	3.10868581015048	0.2688302291842	0.700938939370681	6.00443628899772e-05	NaN	8.85284846791335e-10	9.7803503423601e-11
15	0.283364372049786	0.159152859392568	0.325	3.35056534283161	0.255585273519202	0.709161029577212	5.70924626000502e-05	NaN	8.96990895031332e-10	9.80381398456324e-11
16	0.294	0.165126407116537	0.337198354573708	3.47620079285354	0.263827299907986	0.708430312544706	5.89299530483478e-05	8.73127642748198e-11	8.97483293939556e-10	9.94611436054542e-11
17	0.305161631438231	0.17139538703815	0.35	3.61232236010212	0.27198546780643	0.709319739611721	6.07462409479287e-05	NaN	9.40376356063356e-10	9.88439418200809e-11
18	0.326958890826676	0.183637914683732	0.375	3.86577126562555	0.346524536960749	0.665064434384023	7.74090179765374e-05	NaN	9.73536164929193e-10	9.78359396042879e-11
19	0.348756150215121	0.195880442329314	0.4	4.1177803068675	0.362914548429473	0.656504311115358	8.10785583423845e-05	NaN	9.75505093780946e-10	9.91477601638052e-11
20	0.370553409603566	0.208122969974896	0.425	4.35769901939575	0.346728852317912	0.681458157237594	7.74428868354216e-05	NaN	9.82577771834658e-10	9.95913617291334e-11
21	0.392350668992012	0.220365497620478	0.45	4.69779356936475	0.3679996662396	0.672713157205018	8.21943393483071e-05	NaN	1.00480548720222e-09	9.9930378653449e-11
22	0.4	0.224661778389846	0.458773271528855	4.89686627138782	0.383290919117459	0.649977370729642	8.56323684930715e-05	6.73167198563808e-11	1.01563076379872e-09	9.67653938021568e-11
