taskId	beta6	betaI	arcLength	fixedInputPeakTimeMs	fixedInputPeakHC
1	0	0	0	7.5	2.95931659202618
2	0.02	0.0112330889194923	0.0229386635764427	7.5	2.93586754141337
3	0.04	0.0224661778389846	0.0458773271528855	7.5	2.83888127644903
4	0.06	0.033699266758477	0.0688159907293282	7.5	2.80675988777467
5	0.073	0.041000774556147	0.083726122054016	7.5	2.78985798859008
6	0.0871890375537804	0.0489701105823285	0.1	7.5	2.75662846999896
7	0.108986296942225	0.0612126382279106	0.125	7.5	2.72282367394329
8	0.130783556330671	0.0734551658734928	0.15	7	2.63536238376119
9	0.152580815719116	0.0856976935190749	0.175	7	2.58921059250765
10	0.174378075107561	0.097940221164657	0.2	7	2.58327779938501
11	0.196175334496006	0.110182748810239	0.225	7	2.50397785503401
12	0.217972593884451	0.122425276455821	0.25	7	2.49012607542899
13	0.239769853272896	0.134667804101403	0.275	6.5	2.46482203718185
14	0.261567112661341	0.146910331746985	0.3	6.5	2.40018180391436
15	0.283364372049786	0.159152859392568	0.325	6.5	2.3987814989774
16	0.294	0.165126407116537	0.337198354573708	6.5	2.38606910838189
17	0.305161631438231	0.17139538703815	0.35	6.5	2.37523203392118
18	0.326958890826676	0.183637914683732	0.375	6	2.26011625654199
19	0.348756150215121	0.195880442329314	0.4	6	2.22544046824454
20	0.370553409603566	0.208122969974896	0.425	6	2.25075571029121
21	0.392350668992012	0.220365497620478	0.45	6	2.20903684869173
22	0.4	0.224661778389846	0.458773271528855	6	2.16951212934405
