FieldHC,Repeat,Method,Seconds,Iterations,Converged,FinalResidual,NNThreads,Variant,Passed
3,1,CG,19.935574,24,1,0.0021887787374649,0,cg_dense,1
3,2,CG,20.436302,24,1,0.0021887787374649,0,cg_dense,1
3,3,CG,22.195097,24,1,0.0021887787374649,0,cg_dense,1
3,4,CG,22.295471,24,1,0.0022897131652601,0,cg_dense,1
3,5,CG,24.14406,24,1,0.00220149645440574,0,cg_dense,1
3,6,CG,25.916722,24,1,0.00214161278327679,0,cg_dense,1
3,7,CG,24.320818,24,1,0.00231299148647525,0,cg_dense,1
3,8,CG,33.287638,24,1,0.0021766397524974,0,cg_dense,1
3,9,CG,32.222246,24,1,0.00219807758461745,0,cg_dense,1
3,10,CG,25.630925,24,1,0.00229514402209207,0,cg_dense,1
3,11,CG,24.238663,24,1,0.00224457135175457,0,cg_dense,1
3,12,CG,23.150681,24,1,0.00210446053749283,0,cg_dense,1
3,13,CG,28.034672,24,1,0.00225638241302061,0,cg_dense,1
3,14,CG,41.098676,24,1,0.00223965547314055,0,cg_dense,1
3,15,CG,25.595511,24,1,0.00217499910138232,0,cg_dense,1
3,16,CG,42.196603,24,1,0.00225372517698812,0,cg_dense,1
3,17,CG,25.326916,24,1,0.00216979164559633,0,cg_dense,1
3,18,CG,19.684727,24,1,0.00223297804621728,0,cg_dense,1
3,19,CG,26.225546,24,1,0.0022328563895764,0,cg_dense,1
3,20,CG,21.473654,24,1,0.00225427204630768,0,cg_dense,1
3,21,CG,19.59034,24,1,0.00217061387415672,0,cg_dense,1
3,22,CG,23.246474,24,1,0.00230878168290382,0,cg_dense,1
3,23,CG,22.68594,24,1,0.00229177494364682,0,cg_dense,1
3,24,CG,20.801368,24,1,0.00226173711254461,0,cg_dense,1
3,25,CG,22.600168,24,1,0.00220084541130214,0,cg_dense,1
3,26,CG,22.407525,24,1,0.0021796288968454,0,cg_dense,1
3,27,CG,23.717217,24,1,0.00232852837886888,0,cg_dense,1
3,28,CG,24.956832,24,1,0.00227293980179441,0,cg_dense,1
3,29,CG,24.360609,24,1,0.00221720126964288,0,cg_dense,1
3,30,CG,25.542613,25,1,0.00138237187522186,0,cg_dense,1
3,31,CG,24.741469,24,1,0.00227401749801361,0,cg_dense,1
3,32,CG,24.680745,24,1,0.00224270610228794,0,cg_dense,1
3,33,CG,25.269064,24,1,0.00222593307786016,0,cg_dense,1
3,34,CG,25.896989,24,1,0.00220315582515782,0,cg_dense,1
3,35,CG,23.219519,24,1,0.00223119455132479,0,cg_dense,1
3,36,CG,26.922463,24,1,0.00216528659017724,0,cg_dense,1
3,37,CG,23.856355,24,1,0.00222482826145687,0,cg_dense,1
3,38,CG,26.896277,24,1,0.00219551935538868,0,cg_dense,1
3,39,CG,27.894467,24,1,0.0023984785667145,0,cg_dense,1
3,40,CG,26.745045,24,1,0.00224514963484768,0,cg_dense,1
3,41,CG,26.314551,24,1,0.00226726576985683,0,cg_dense,1
3,42,CG,21.76886,24,1,0.00226213442239924,0,cg_dense,1
3,43,CG,21.526456,24,1,0.00225808004737287,0,cg_dense,1
3,44,CG,22.891312,25,1,0.00137982207702864,0,cg_dense,1
3,45,CG,22.251402,24,1,0.00224265938822832,0,cg_dense,1
3,46,CG,21.223497,24,1,0.00222867017856272,0,cg_dense,1
3,47,CG,22.259927,24,1,0.00228369056005287,0,cg_dense,1
3,48,CG,27.467386,25,1,0.00136917328268434,0,cg_dense,1
3,49,CG,20.736552,24,1,0.00209647061707136,0,cg_dense,1
3,50,CG,20.750623,24,1,0.00218216387737019,0,cg_dense,1
3,51,CG,22.170567,24,1,0.00232023961295627,0,cg_dense,1
3,52,CG,21.712724,24,1,0.00235712596040763,0,cg_dense,1
3,53,CG,23.261337,24,1,0.00222897856462264,0,cg_dense,1
3,54,CG,21.093869,24,1,0.00216892294649257,0,cg_dense,1
3,55,CG,23.707061,24,1,0.00233395165844472,0,cg_dense,1
3,56,CG,22.514026,24,1,0.00222269217674458,0,cg_dense,1
3,57,CG,22.640636,25,1,0.00139043947477538,0,cg_dense,1
3,58,CG,23.802628,25,1,0.00138529391612483,0,cg_dense,1
3,59,CG,23.849813,24,1,0.00226710953250236,0,cg_dense,1
3,60,CG,23.802844,24,1,0.00217023641225045,0,cg_dense,1
3,61,CG,22.069606,24,1,0.0021807935013984,0,cg_dense,1
3,62,CG,22.286099,25,1,0.00139648495698271,0,cg_dense,1
3,63,CG,19.575901,24,1,0.00229901216713204,0,cg_dense,1
3,64,CG,23.791387,24,1,0.0022643039678904,0,cg_dense,1
3,65,CG,25.055809,24,1,0.00220778580798317,0,cg_dense,1
3,66,CG,26.015222,24,1,0.00224623234084069,0,cg_dense,1
3,67,CG,22.947078,25,1,0.00143748771483882,0,cg_dense,1
3,68,CG,21.722796,24,1,0.00235976268946621,0,cg_dense,1
3,69,CG,23.61568,24,1,0.00229425873035761,0,cg_dense,1
3,70,CG,21.484891,24,1,0.00233587606452048,0,cg_dense,1
3,71,CG,22.388001,24,1,0.00229122641272043,0,cg_dense,1
3,72,CG,23.83891,24,1,0.00225449737147056,0,cg_dense,1
3,73,CG,20.271695,24,1,0.00222951433339481,0,cg_dense,1
3,74,CG,21.490384,24,1,0.00230008005443734,0,cg_dense,1
3,75,CG,26.142314,24,1,0.00221295152584839,0,cg_dense,1
3,76,CG,23.670449,25,1,0.0014131472928641,0,cg_dense,1
3,77,CG,23.690923,24,1,0.00222129139138202,0,cg_dense,1
3,78,CG,22.482658,24,1,0.0024012338382636,0,cg_dense,1
3,79,CG,18.193049,24,1,0.00220865358091685,0,cg_dense,1
3,80,CG,21.790978,24,1,0.00235217584457191,0,cg_dense,1
3,81,CG,24.669151,24,1,0.00230812471687851,0,cg_dense,1
3,82,CG,22.818601,24,1,0.0022784384719239,0,cg_dense,1
3,83,CG,24.315924,24,1,0.00227456885666423,0,cg_dense,1
3,84,CG,22.893487,25,1,0.00138182513222306,0,cg_dense,1
3,85,CG,22.483138,24,1,0.00233994303878213,0,cg_dense,1
3,86,CG,17.686591,24,1,0.0022243667024985,0,cg_dense,1
3,87,CG,22.334127,24,1,0.0023372225578162,0,cg_dense,1
3,88,CG,21.997409,24,1,0.00231335034136587,0,cg_dense,1
3,89,CG,18.153453,24,1,0.00218302455878666,0,cg_dense,1
3,90,CG,23.518574,24,1,0.00218529016317909,0,cg_dense,1
3,91,CG,21.984427,24,1,0.00230353149025368,0,cg_dense,1
3,92,CG,21.095898,25,1,0.00138978754206036,0,cg_dense,1
3,93,CG,21.735116,24,1,0.0021653888936252,0,cg_dense,1
3,94,CG,20.096141,24,1,0.0022176025114699,0,cg_dense,1
3,95,CG,26.303221,24,1,0.00225969677329158,0,cg_dense,1
3,96,CG,23.826694,24,1,0.0023020043863776,0,cg_dense,1
3,97,CG,22.409727,24,1,0.00224592137638584,0,cg_dense,1
3,98,CG,20.231954,24,1,0.0022245791968635,0,cg_dense,1
3,99,CG,23.570442,24,1,0.00220050823645242,0,cg_dense,1
3,100,CG,19.194119,24,1,0.00216095872818557,0,cg_dense,1
3,1,DNN surrogate,0.207878,23,1,0.00195100405390956,8,paged_combined,1
3,2,DNN surrogate,0.204396,23,1,0.00195100405390956,8,paged_combined,1
3,3,DNN surrogate,0.213251,23,1,0.00195100405390956,8,paged_combined,1
3,4,DNN surrogate,0.210749,23,1,0.00196296895395635,8,paged_combined,1
3,5,DNN surrogate,0.190657,23,1,0.00195202115128549,8,paged_combined,1
3,6,DNN surrogate,0.224274,22,1,0.00280221281319317,8,paged_combined,1
3,7,DNN surrogate,0.199429,23,1,0.00197054265819468,8,paged_combined,1
3,8,DNN surrogate,0.215338,23,1,0.00189766070473125,8,paged_combined,1
3,9,DNN surrogate,0.205947,23,1,0.0019706529974903,8,paged_combined,1
3,10,DNN surrogate,0.203122,23,1,0.00204954850658285,8,paged_combined,1
3,11,DNN surrogate,0.196555,23,1,0.00194701679862523,8,paged_combined,1
3,12,DNN surrogate,0.224482,23,1,0.00204898628751097,8,paged_combined,1
3,13,DNN surrogate,0.203352,23,1,0.00197092075774001,8,paged_combined,1
3,14,DNN surrogate,0.212203,23,1,0.00200868813451143,8,paged_combined,1
3,15,DNN surrogate,0.226398,23,1,0.00195002321198948,8,paged_combined,1
3,16,DNN surrogate,0.225863,23,1,0.0019674460967919,8,paged_combined,1
3,17,DNN surrogate,0.217284,23,1,0.00207825786543823,8,paged_combined,1
3,18,DNN surrogate,0.228921,23,1,0.00201899020301413,8,paged_combined,1
3,19,DNN surrogate,0.222854,23,1,0.00198477689628768,8,paged_combined,1
3,20,DNN surrogate,0.223255,22,1,0.00283187948044271,8,paged_combined,1
3,21,DNN surrogate,0.234451,23,1,0.00199752922028358,8,paged_combined,1
3,22,DNN surrogate,0.225896,23,1,0.0019727416893474,8,paged_combined,1
3,23,DNN surrogate,0.21101,23,1,0.00193914074153058,8,paged_combined,1
3,24,DNN surrogate,0.200433,23,1,0.00193987412532789,8,paged_combined,1
3,25,DNN surrogate,0.205001,23,1,0.00195327429193305,8,paged_combined,1
3,26,DNN surrogate,0.204457,23,1,0.00193719856159733,8,paged_combined,1
3,27,DNN surrogate,0.244411,23,1,0.00197154642683615,8,paged_combined,1
3,28,DNN surrogate,0.227558,23,1,0.00199269472369443,8,paged_combined,1
3,29,DNN surrogate,0.236485,22,1,0.0027867477355552,8,paged_combined,1
3,30,DNN surrogate,0.234544,23,1,0.00199313671386218,8,paged_combined,1
3,31,DNN surrogate,0.218924,23,1,0.00203068115044568,8,paged_combined,1
3,32,DNN surrogate,0.215776,23,1,0.00197614109099173,8,paged_combined,1
3,33,DNN surrogate,0.200586,23,1,0.00198970387407642,8,paged_combined,1
3,34,DNN surrogate,0.206701,22,1,0.00282396976228751,8,paged_combined,1
3,35,DNN surrogate,0.214783,23,1,0.00198371174100327,8,paged_combined,1
3,36,DNN surrogate,0.234556,23,1,0.0019520340378438,8,paged_combined,1
3,37,DNN surrogate,0.240586,23,1,0.00195251860439218,8,paged_combined,1
3,38,DNN surrogate,0.245407,23,1,0.00192231663387566,8,paged_combined,1
3,39,DNN surrogate,0.238999,23,1,0.00198953205469221,8,paged_combined,1
3,40,DNN surrogate,0.20638,23,1,0.0019468826665879,8,paged_combined,1
3,41,DNN surrogate,0.222471,23,1,0.00202113674910362,8,paged_combined,1
3,42,DNN surrogate,0.215072,23,1,0.00208667640915516,8,paged_combined,1
3,43,DNN surrogate,0.21197,23,1,0.00195264894503306,8,paged_combined,1
3,44,DNN surrogate,0.201048,23,1,0.00200428541537682,8,paged_combined,1
3,45,DNN surrogate,0.218992,23,1,0.00198175559739436,8,paged_combined,1
3,46,DNN surrogate,0.247379,23,1,0.00202014226392727,8,paged_combined,1
3,47,DNN surrogate,0.266644,23,1,0.00199715874328883,8,paged_combined,1
3,48,DNN surrogate,0.245094,23,1,0.00201806623555392,8,paged_combined,1
3,49,DNN surrogate,0.210628,23,1,0.00192709732194239,8,paged_combined,1
3,50,DNN surrogate,0.190416,23,1,0.00195047513536959,8,paged_combined,1
3,51,DNN surrogate,0.195722,23,1,0.00197406049100111,8,paged_combined,1
3,52,DNN surrogate,0.221335,23,1,0.00202631665272616,8,paged_combined,1
3,53,DNN surrogate,0.222531,23,1,0.00200809807693604,8,paged_combined,1
3,54,DNN surrogate,0.250756,23,1,0.00194819088488053,8,paged_combined,1
3,55,DNN surrogate,0.24992,23,1,0.00203698936052616,8,paged_combined,1
3,56,DNN surrogate,0.192139,23,1,0.00198910780961013,8,paged_combined,1
3,57,DNN surrogate,0.183321,23,1,0.00198547713384863,8,paged_combined,1
3,58,DNN surrogate,0.225646,23,1,0.0019293677355304,8,paged_combined,1
3,59,DNN surrogate,0.248817,23,1,0.00199245466030907,8,paged_combined,1
3,60,DNN surrogate,0.224827,23,1,0.00192790270377537,8,paged_combined,1
3,61,DNN surrogate,0.204645,23,1,0.00193902300905789,8,paged_combined,1
3,62,DNN surrogate,0.223203,23,1,0.00200644384047032,8,paged_combined,1
3,63,DNN surrogate,0.228389,23,1,0.0020254355341384,8,paged_combined,1
3,64,DNN surrogate,0.235629,23,1,0.00192969869856161,8,paged_combined,1
3,65,DNN surrogate,0.245523,23,1,0.00193040634702578,8,paged_combined,1
3,66,DNN surrogate,0.193071,22,1,0.00284107761388045,8,paged_combined,1
3,67,DNN surrogate,0.229491,23,1,0.00194987340636084,8,paged_combined,1
3,68,DNN surrogate,0.230777,23,1,0.0019607961884437,8,paged_combined,1
3,69,DNN surrogate,0.242041,23,1,0.00196515078725079,8,paged_combined,1
3,70,DNN surrogate,0.242371,23,1,0.0020035925820904,8,paged_combined,1
3,71,DNN surrogate,0.198596,23,1,0.00198333765975949,8,paged_combined,1
3,72,DNN surrogate,0.234164,23,1,0.00191955615666035,8,paged_combined,1
3,73,DNN surrogate,0.225243,22,1,0.00280439407442474,8,paged_combined,1
3,74,DNN surrogate,0.22565,22,1,0.00280709277976516,8,paged_combined,1
3,75,DNN surrogate,0.246522,23,1,0.00195645467805579,8,paged_combined,1
3,76,DNN surrogate,0.200991,23,1,0.00205829532283816,8,paged_combined,1
3,77,DNN surrogate,0.234946,23,1,0.00196755542198245,8,paged_combined,1
3,78,DNN surrogate,0.23954,23,1,0.00200293689525986,8,paged_combined,1
3,79,DNN surrogate,0.246787,23,1,0.00193956626965177,8,paged_combined,1
3,80,DNN surrogate,0.260241,23,1,0.00206431649289814,8,paged_combined,1
3,81,DNN surrogate,0.24675,23,1,0.0019479069693783,8,paged_combined,1
3,82,DNN surrogate,0.215497,23,1,0.00191936795375316,8,paged_combined,1
3,83,DNN surrogate,0.258947,23,1,0.00194647706058977,8,paged_combined,1
3,84,DNN surrogate,0.208306,23,1,0.00195063395282324,8,paged_combined,1
3,85,DNN surrogate,0.224204,23,1,0.00191369783338633,8,paged_combined,1
3,86,DNN surrogate,0.249759,23,1,0.00196889353032147,8,paged_combined,1
3,87,DNN surrogate,0.276423,23,1,0.0020231156761356,8,paged_combined,1
3,88,DNN surrogate,0.25592,23,1,0.00201964998422219,8,paged_combined,1
3,89,DNN surrogate,0.1951,23,1,0.00204258026115632,8,paged_combined,1
3,90,DNN surrogate,0.227229,23,1,0.00194571040506863,8,paged_combined,1
3,91,DNN surrogate,0.218817,23,1,0.00195773755929918,8,paged_combined,1
3,92,DNN surrogate,0.233618,23,1,0.0019817083678897,8,paged_combined,1
3,93,DNN surrogate,0.235424,23,1,0.00192262676316061,8,paged_combined,1
3,94,DNN surrogate,0.248127,23,1,0.00199305972225598,8,paged_combined,1
3,95,DNN surrogate,0.208942,23,1,0.00190982406991051,8,paged_combined,1
3,96,DNN surrogate,0.256051,23,1,0.00199801877290234,8,paged_combined,1
3,97,DNN surrogate,0.270686,23,1,0.00200201481028217,8,paged_combined,1
3,98,DNN surrogate,0.233237,23,1,0.00201636728389796,8,paged_combined,1
3,99,DNN surrogate,0.259836,23,1,0.00197572941856706,8,paged_combined,1
3,100,DNN surrogate,0.246831,23,1,0.00201879700876351,8,paged_combined,1
4,1,CG,22.305363,24,1,0.00316772325570705,0,cg_dense,1
4,2,CG,22.438405,24,1,0.00316772325570705,0,cg_dense,1
4,3,CG,21.511649,24,1,0.00316772325570705,0,cg_dense,1
4,4,CG,23.463764,24,1,0.00317329724306362,0,cg_dense,1
4,5,CG,26.895297,24,1,0.00315114086021335,0,cg_dense,1
4,6,CG,23.507758,24,1,0.00314804892536456,0,cg_dense,1
4,7,CG,23.780929,24,1,0.00318029856501233,0,cg_dense,1
4,8,CG,20.858846,24,1,0.00314263445552368,0,cg_dense,1
4,9,CG,28.936257,24,1,0.00315758570969535,0,cg_dense,1
4,10,CG,21.90338,24,1,0.00319526150700105,0,cg_dense,1
4,11,CG,18.037234,24,1,0.00317903216389024,0,cg_dense,1
4,12,CG,23.750352,24,1,0.00316032768567319,0,cg_dense,1
4,13,CG,26.816529,24,1,0.00315253972773548,0,cg_dense,1
4,14,CG,23.975845,24,1,0.00314901567488259,0,cg_dense,1
4,15,CG,18.896253,24,1,0.00313305721220306,0,cg_dense,1
4,16,CG,21.570168,24,1,0.00314901199617881,0,cg_dense,1
4,17,CG,21.940548,24,1,0.00316406535266599,0,cg_dense,1
4,18,CG,19.801552,24,1,0.00318440922224921,0,cg_dense,1
4,19,CG,18.463252,24,1,0.00317689933069208,0,cg_dense,1
4,20,CG,22.390697,24,1,0.00315113598077558,0,cg_dense,1
4,21,CG,21.007437,24,1,0.00321278999628842,0,cg_dense,1
4,22,CG,23.896696,24,1,0.0031460811717963,0,cg_dense,1
4,23,CG,18.330271,24,1,0.00316645871030499,0,cg_dense,1
4,24,CG,20.797539,24,1,0.00316434865060352,0,cg_dense,1
4,25,CG,23.11711,24,1,0.00318815231114765,0,cg_dense,1
4,26,CG,19.311811,24,1,0.00318502462459834,0,cg_dense,1
4,27,CG,25.507063,24,1,0.00316327475320837,0,cg_dense,1
4,28,CG,21.040883,24,1,0.00315888215355928,0,cg_dense,1
4,29,CG,20.818411,24,1,0.00317092541425834,0,cg_dense,1
4,30,CG,22.764133,24,1,0.00315805471745142,0,cg_dense,1
4,31,CG,20.148929,24,1,0.00318395401155548,0,cg_dense,1
4,32,CG,23.616794,24,1,0.00318047321044075,0,cg_dense,1
4,33,CG,22.015323,24,1,0.00320385892319339,0,cg_dense,1
4,34,CG,18.651437,24,1,0.00315819001686028,0,cg_dense,1
4,35,CG,20.490657,24,1,0.00318906222415,0,cg_dense,1
4,36,CG,22.097264,24,1,0.003171879662177,0,cg_dense,1
4,37,CG,18.981358,24,1,0.00313138219413866,0,cg_dense,1
4,38,CG,27.801807,24,1,0.00315240480912019,0,cg_dense,1
4,39,CG,26.003595,24,1,0.00316136597758731,0,cg_dense,1
4,40,CG,20.239842,24,1,0.00316360251212376,0,cg_dense,1
4,41,CG,25.057724,24,1,0.00315900614596293,0,cg_dense,1
4,42,CG,18.425397,24,1,0.00316857998873284,0,cg_dense,1
4,43,CG,28.210827,24,1,0.00316902320803767,0,cg_dense,1
4,44,CG,21.246358,24,1,0.00313862437152004,0,cg_dense,1
4,45,CG,26.674821,24,1,0.00320426660116166,0,cg_dense,1
4,46,CG,23.339514,24,1,0.00314949425066078,0,cg_dense,1
4,47,CG,24.113903,24,1,0.00315427777925271,0,cg_dense,1
4,48,CG,21.154044,24,1,0.0031615095476395,0,cg_dense,1
4,49,CG,28.128138,24,1,0.00316646624067906,0,cg_dense,1
4,50,CG,21.903851,24,1,0.00315732554629546,0,cg_dense,1
4,51,CG,26.553825,24,1,0.00313644645597987,0,cg_dense,1
4,52,CG,22.514244,24,1,0.00317292960091688,0,cg_dense,1
4,53,CG,23.514551,24,1,0.00314727415557233,0,cg_dense,1
4,54,CG,21.75201,24,1,0.00318589289539357,0,cg_dense,1
4,55,CG,27.030722,24,1,0.0031751524597493,0,cg_dense,1
4,56,CG,20.861299,24,1,0.00315528996477195,0,cg_dense,1
4,57,CG,29.12024,24,1,0.00313822620145772,0,cg_dense,1
4,58,CG,20.204996,24,1,0.00314332266903935,0,cg_dense,1
4,59,CG,25.9334,24,1,0.00313863615513816,0,cg_dense,1
4,60,CG,23.016142,24,1,0.00315981127197684,0,cg_dense,1
4,61,CG,19.2861,24,1,0.00317005389101354,0,cg_dense,1
4,62,CG,31.975822,24,1,0.00316436926426167,0,cg_dense,1
4,63,CG,23.208115,24,1,0.00317003934630678,0,cg_dense,1
4,64,CG,22.577188,24,1,0.00318277269553344,0,cg_dense,1
4,65,CG,21.778156,24,1,0.0031981164342398,0,cg_dense,1
4,66,CG,23.986966,24,1,0.00316227576492114,0,cg_dense,1
4,67,CG,27.676998,24,1,0.00317167011277295,0,cg_dense,1
4,68,CG,22.619219,24,1,0.00317212935072714,0,cg_dense,1
4,69,CG,19.119688,24,1,0.00319685911229195,0,cg_dense,1
4,70,CG,22.691683,24,1,0.00316305290001974,0,cg_dense,1
4,71,CG,22.928489,24,1,0.00320136702980178,0,cg_dense,1
4,72,CG,19.777291,24,1,0.00314931500188675,0,cg_dense,1
4,73,CG,24.87953,24,1,0.0031872030287021,0,cg_dense,1
4,74,CG,24.912637,24,1,0.00315343305778752,0,cg_dense,1
4,75,CG,28.353132,24,1,0.00320994147582256,0,cg_dense,1
4,76,CG,21.198036,24,1,0.00312825176125416,0,cg_dense,1
4,77,CG,25.329859,24,1,0.00313905970841024,0,cg_dense,1
4,78,CG,22.857143,24,1,0.00314389495439416,0,cg_dense,1
4,79,CG,23.354502,24,1,0.00316652830675877,0,cg_dense,1
4,80,CG,21.575163,24,1,0.00316203531243039,0,cg_dense,1
4,81,CG,24.014418,24,1,0.00315397500844317,0,cg_dense,1
4,82,CG,27.126445,24,1,0.00314833171313122,0,cg_dense,1
4,83,CG,20.233388,24,1,0.0031921910390261,0,cg_dense,1
4,84,CG,27.914642,24,1,0.00315719671440849,0,cg_dense,1
4,85,CG,22.737617,24,1,0.00313416963080005,0,cg_dense,1
4,86,CG,22.853286,24,1,0.00314970591664298,0,cg_dense,1
4,87,CG,19.170502,24,1,0.00317981805288986,0,cg_dense,1
4,88,CG,25.180696,24,1,0.00316644797592178,0,cg_dense,1
4,89,CG,39.364355,24,1,0.00317325051749187,0,cg_dense,1
4,90,CG,21.291339,24,1,0.00320358868813836,0,cg_dense,1
4,91,CG,22.865543,24,1,0.00311831155715423,0,cg_dense,1
4,92,CG,22.916703,24,1,0.00315058245265076,0,cg_dense,1
4,93,CG,22.227279,24,1,0.00322377825499808,0,cg_dense,1
4,94,CG,30.289108,24,1,0.00314336556558502,0,cg_dense,1
4,95,CG,23.706169,24,1,0.00315606860968937,0,cg_dense,1
4,96,CG,27.725077,24,1,0.00316168444372497,0,cg_dense,1
4,97,CG,25.008688,24,1,0.00314950423319136,0,cg_dense,1
4,98,CG,20.382302,24,1,0.00317607530584907,0,cg_dense,1
4,99,CG,23.086233,24,1,0.00313988998831877,0,cg_dense,1
4,100,CG,23.671908,24,1,0.00314521183781949,0,cg_dense,1
4,1,DNN surrogate,0.236916,26,1,0.00273536514070045,8,paged_combined,1
4,2,DNN surrogate,0.344413,26,1,0.00273536514070045,8,paged_combined,1
4,3,DNN surrogate,0.26534,26,1,0.00273536514070045,8,paged_combined,1
4,4,DNN surrogate,0.245464,26,1,0.00274712003546798,8,paged_combined,1
4,5,DNN surrogate,0.22164,26,1,0.00274163929218369,8,paged_combined,1
4,6,DNN surrogate,0.252241,25,1,0.00323696316339312,8,paged_combined,1
4,7,DNN surrogate,0.252341,25,1,0.00327587545325329,8,paged_combined,1
4,8,DNN surrogate,0.256747,25,1,0.00327370876900572,8,paged_combined,1
4,9,DNN surrogate,0.268709,25,1,0.00327512810363673,8,paged_combined,1
4,10,DNN surrogate,0.227757,26,1,0.00278587278248097,8,paged_combined,1
4,11,DNN surrogate,0.346734,26,1,0.0028032266862419,8,paged_combined,1
4,12,DNN surrogate,0.224675,25,1,0.00327956344807639,8,paged_combined,1
4,13,DNN surrogate,0.201681,25,1,0.00327744419073843,8,paged_combined,1
4,14,DNN surrogate,0.211425,25,1,0.00325031743679921,8,paged_combined,1
4,15,DNN surrogate,0.266138,25,1,0.00329655029817745,8,paged_combined,1
4,16,DNN surrogate,0.274156,25,1,0.00324628138343421,8,paged_combined,1
4,17,DNN surrogate,0.259833,25,1,0.00328665685904758,8,paged_combined,1
4,18,DNN surrogate,0.256313,25,1,0.00330278280225038,8,paged_combined,1
4,19,DNN surrogate,0.282944,25,1,0.00329484473868946,8,paged_combined,1
4,20,DNN surrogate,0.24147,26,1,0.00277056358959769,8,paged_combined,1
4,21,DNN surrogate,0.335642,25,1,0.00328278667093728,8,paged_combined,1
4,22,DNN surrogate,0.319035,25,1,0.00325002373798738,8,paged_combined,1
4,23,DNN surrogate,0.226952,25,1,0.00326462206406309,8,paged_combined,1
4,24,DNN surrogate,0.229673,25,1,0.00327646835201599,8,paged_combined,1
4,25,DNN surrogate,0.258572,25,1,0.00328806317139974,8,paged_combined,1
4,26,DNN surrogate,0.288756,26,1,0.00275760943386539,8,paged_combined,1
4,27,DNN surrogate,0.248094,25,1,0.00328364377350195,8,paged_combined,1
4,28,DNN surrogate,0.288004,25,1,0.0032433638389928,8,paged_combined,1
4,29,DNN surrogate,0.274724,26,1,0.0027647964141388,8,paged_combined,1
4,30,DNN surrogate,0.231003,25,1,0.00330163011270752,8,paged_combined,1
4,31,DNN surrogate,0.333732,25,1,0.00326301170933392,8,paged_combined,1
4,32,DNN surrogate,0.318901,26,1,0.00282328799990514,8,paged_combined,1
4,33,DNN surrogate,0.226035,26,1,0.00281739231875472,8,paged_combined,1
4,34,DNN surrogate,0.243082,26,1,0.00281812236890907,8,paged_combined,1
4,35,DNN surrogate,0.255651,25,1,0.0032712154249134,8,paged_combined,1
4,36,DNN surrogate,0.249186,26,1,0.00274518479813792,8,paged_combined,1
4,37,DNN surrogate,0.289612,25,1,0.00329538405013663,8,paged_combined,1
4,38,DNN surrogate,0.282712,26,1,0.00277661068181055,8,paged_combined,1
4,39,DNN surrogate,0.271028,25,1,0.00328674228763688,8,paged_combined,1
4,40,DNN surrogate,0.229319,25,1,0.00323693824640038,8,paged_combined,1
4,41,DNN surrogate,0.321225,25,1,0.00325937350916537,8,paged_combined,1
4,42,DNN surrogate,0.31644,26,1,0.00277972236119457,8,paged_combined,1
4,43,DNN surrogate,0.227508,25,1,0.00328618333896145,8,paged_combined,1
4,44,DNN surrogate,0.242796,25,1,0.00325754143102712,8,paged_combined,1
4,45,DNN surrogate,0.285188,26,1,0.00281391591109341,8,paged_combined,1
4,46,DNN surrogate,0.279696,26,1,0.00275629763843758,8,paged_combined,1
4,47,DNN surrogate,0.252849,26,1,0.00273321730798645,8,paged_combined,1
4,48,DNN surrogate,0.289676,26,1,0.00274325389512181,8,paged_combined,1
4,49,DNN surrogate,0.287757,26,1,0.00275492586637477,8,paged_combined,1
4,50,DNN surrogate,0.278609,26,1,0.00277874632618751,8,paged_combined,1
4,51,DNN surrogate,0.223464,26,1,0.00274271663959693,8,paged_combined,1
4,52,DNN surrogate,0.344373,26,1,0.00274105004090064,8,paged_combined,1
4,53,DNN surrogate,0.308226,25,1,0.00327932636992978,8,paged_combined,1
4,54,DNN surrogate,0.237297,25,1,0.00326137779337661,8,paged_combined,1
4,55,DNN surrogate,0.238675,26,1,0.00283121485997021,8,paged_combined,1
4,56,DNN surrogate,0.265954,26,1,0.00274280208659995,8,paged_combined,1
4,57,DNN surrogate,0.269532,25,1,0.00323537385890718,8,paged_combined,1
4,58,DNN surrogate,0.240772,25,1,0.00329948130877891,8,paged_combined,1
4,59,DNN surrogate,0.232164,26,1,0.00275998845375054,8,paged_combined,1
4,60,DNN surrogate,0.247764,26,1,0.00283275302694492,8,paged_combined,1
4,61,DNN surrogate,0.221728,25,1,0.00329392169855048,8,paged_combined,1
4,62,DNN surrogate,0.25974,26,1,0.00275646058133086,8,paged_combined,1
4,63,DNN surrogate,0.287146,25,1,0.00328896697596135,8,paged_combined,1
4,64,DNN surrogate,0.288265,26,1,0.00275737298346575,8,paged_combined,1
4,65,DNN surrogate,0.27149,25,1,0.0032806093956414,8,paged_combined,1
4,66,DNN surrogate,0.219558,25,1,0.0032993781916232,8,paged_combined,1
4,67,DNN surrogate,0.341261,26,1,0.00279902723588716,8,paged_combined,1
4,68,DNN surrogate,0.253187,25,1,0.00326116158343061,8,paged_combined,1
4,69,DNN surrogate,0.242335,26,1,0.00280821693559357,8,paged_combined,1
4,70,DNN surrogate,0.219061,25,1,0.00330379414290388,8,paged_combined,1
4,71,DNN surrogate,0.227016,26,1,0.00279129745379981,8,paged_combined,1
4,72,DNN surrogate,0.272576,25,1,0.00322397374735079,8,paged_combined,1
4,73,DNN surrogate,0.258441,26,1,0.00279503586443638,8,paged_combined,1
4,74,DNN surrogate,0.269645,26,1,0.00281123304787808,8,paged_combined,1
4,75,DNN surrogate,0.261929,26,1,0.00277890645548074,8,paged_combined,1
4,76,DNN surrogate,0.250243,25,1,0.00329053885527639,8,paged_combined,1
4,77,DNN surrogate,0.26904,25,1,0.00327567840788568,8,paged_combined,1
4,78,DNN surrogate,0.268149,26,1,0.0027540251562722,8,paged_combined,1
4,79,DNN surrogate,0.376899,26,1,0.00276374353535641,8,paged_combined,1
4,80,DNN surrogate,0.222494,26,1,0.00275483717049546,8,paged_combined,1
4,81,DNN surrogate,0.248499,25,1,0.00326599531484619,8,paged_combined,1
4,82,DNN surrogate,0.266741,25,1,0.00322514233998162,8,paged_combined,1
4,83,DNN surrogate,0.259808,26,1,0.00282401631886116,8,paged_combined,1
4,84,DNN surrogate,0.227712,25,1,0.00325303915267917,8,paged_combined,1
4,85,DNN surrogate,0.272795,25,1,0.00331008295902293,8,paged_combined,1
4,86,DNN surrogate,0.273988,25,1,0.00326548325906006,8,paged_combined,1
4,87,DNN surrogate,0.238987,26,1,0.00281907399618217,8,paged_combined,1
4,88,DNN surrogate,0.241072,26,1,0.00279243959944774,8,paged_combined,1
4,89,DNN surrogate,0.232738,26,1,0.00281906604417304,8,paged_combined,1
4,90,DNN surrogate,0.22699,26,1,0.00284067244816771,8,paged_combined,1
4,91,DNN surrogate,0.214544,25,1,0.00327445010935131,8,paged_combined,1
4,92,DNN surrogate,0.235649,26,1,0.00276727022169886,8,paged_combined,1
4,93,DNN surrogate,0.235706,26,1,0.00281385109170859,8,paged_combined,1
4,94,DNN surrogate,0.212445,25,1,0.00322586984318613,8,paged_combined,1
4,95,DNN surrogate,0.21385,25,1,0.00330290748813435,8,paged_combined,1
4,96,DNN surrogate,0.21918,26,1,0.00273284529664851,8,paged_combined,1
4,97,DNN surrogate,0.252387,26,1,0.00283269322367727,8,paged_combined,1
4,98,DNN surrogate,0.283498,25,1,0.00330153779776403,8,paged_combined,1
4,99,DNN surrogate,0.240682,25,1,0.0032707803694708,8,paged_combined,1
4,100,DNN surrogate,0.263336,26,1,0.0027625395713619,8,paged_combined,1
6,1,CG,23.422399,24,1,0.00316772325570699,0,cg_dense,1
6,2,CG,30.564944,24,1,0.00316772325570699,0,cg_dense,1
6,3,CG,28.947552,24,1,0.00316772325570699,0,cg_dense,1
6,4,CG,42.494827,24,1,0.003152920976455,0,cg_dense,1
6,5,CG,28.060032,24,1,0.00317254124856528,0,cg_dense,1
6,6,CG,31.833116,24,1,0.0031808185465314,0,cg_dense,1
6,7,CG,28.511001,24,1,0.00315728409035636,0,cg_dense,1
6,8,CG,25.631064,24,1,0.00317588527183712,0,cg_dense,1
6,9,CG,27.097203,24,1,0.00316804052696319,0,cg_dense,1
6,10,CG,25.953919,24,1,0.00316325262923198,0,cg_dense,1
6,11,CG,22.168557,24,1,0.00315787091171048,0,cg_dense,1
6,12,CG,29.018368,24,1,0.00315401539654531,0,cg_dense,1
6,13,CG,42.974077,24,1,0.00316793048222635,0,cg_dense,1
6,14,CG,27.269545,24,1,0.00315177195558779,0,cg_dense,1
6,15,CG,31.64888,24,1,0.00316008234483706,0,cg_dense,1
6,16,CG,23.518639,24,1,0.00315573030013201,0,cg_dense,1
6,17,CG,25.635178,24,1,0.00314699381119699,0,cg_dense,1
6,18,CG,26.591278,24,1,0.00316606883168782,0,cg_dense,1
6,19,CG,26.902773,24,1,0.00314562243385143,0,cg_dense,1
6,20,CG,22.525096,24,1,0.00314818752547846,0,cg_dense,1
6,1,DNN surrogate,0.276153,26,1,0.00273536514070045,8,paged_combined,1
6,2,DNN surrogate,0.304021,26,1,0.00273536514070045,8,paged_combined,1
6,3,DNN surrogate,0.326412,26,1,0.00273536514070045,8,paged_combined,1
6,4,DNN surrogate,0.318561,25,1,0.00331665204133982,8,paged_combined,1
6,5,DNN surrogate,0.392452,26,1,0.00277523852301031,8,paged_combined,1
6,6,DNN surrogate,0.301302,26,1,0.00280127466841514,8,paged_combined,1
6,7,DNN surrogate,0.315166,26,1,0.00281159516772273,8,paged_combined,1
6,8,DNN surrogate,0.338675,26,1,0.00280083013063639,8,paged_combined,1
6,9,DNN surrogate,0.356146,26,1,0.00278973349669,8,paged_combined,1
6,10,DNN surrogate,0.312172,26,1,0.00275811418918114,8,paged_combined,1
6,11,DNN surrogate,0.343255,26,1,0.0027508940329811,8,paged_combined,1
6,12,DNN surrogate,0.293825,25,1,0.00329358639935794,8,paged_combined,1
6,13,DNN surrogate,0.321998,26,1,0.00278559595666398,8,paged_combined,1
6,14,DNN surrogate,0.389514,25,1,0.00319966494386832,8,paged_combined,1
6,15,DNN surrogate,0.294593,26,1,0.00281920634155138,8,paged_combined,1
6,16,DNN surrogate,0.29908,25,1,0.00328072819218337,8,paged_combined,1
6,17,DNN surrogate,0.348568,25,1,0.00328770677117211,8,paged_combined,1
6,18,DNN surrogate,0.365679,25,1,0.00326049472254814,8,paged_combined,1
6,19,DNN surrogate,0.323821,25,1,0.00329490719204289,8,paged_combined,1
6,20,DNN surrogate,0.299552,25,1,0.0032941245536349,8,paged_combined,1
8,1,CG,32.885085,24,1,0.00316772325570678,0,cg_dense,1
8,2,CG,38.199463,24,1,0.00316772325570678,0,cg_dense,1
8,3,CG,26.282394,24,1,0.00316772325570678,0,cg_dense,1
8,4,CG,34.016955,24,1,0.00318276894485527,0,cg_dense,1
8,5,CG,31.555628,24,1,0.00316868713436504,0,cg_dense,1
8,6,CG,31.676435,24,1,0.00314612904059779,0,cg_dense,1
8,7,CG,29.045497,24,1,0.00316515179936179,0,cg_dense,1
8,8,CG,35.213252,24,1,0.00317581735870335,0,cg_dense,1
8,9,CG,38.166828,24,1,0.00315620541787595,0,cg_dense,1
8,10,CG,34.854866,24,1,0.00316423429563504,0,cg_dense,1
8,11,CG,30.554029,24,1,0.00317156066669585,0,cg_dense,1
8,12,CG,30.744678,24,1,0.00316406314290344,0,cg_dense,1
8,13,CG,30.517506,24,1,0.00315349937786413,0,cg_dense,1
8,14,CG,33.641304,24,1,0.00316828810483056,0,cg_dense,1
8,15,CG,38.832421,24,1,0.00316649081812987,0,cg_dense,1
8,16,CG,33.275507,24,1,0.003158429840474,0,cg_dense,1
8,17,CG,40.348035,24,1,0.00315452383192367,0,cg_dense,1
8,18,CG,32.463475,24,1,0.00314900731224154,0,cg_dense,1
8,19,CG,31.658759,24,1,0.00315188780728532,0,cg_dense,1
8,20,CG,30.276586,24,1,0.00315929696736225,0,cg_dense,1
8,1,DNN surrogate,0.45448,26,1,0.00273536514070045,8,paged_combined,1
8,2,DNN surrogate,0.657187,26,1,0.00273536514070045,8,paged_combined,1
8,3,DNN surrogate,0.461803,26,1,0.00273536514070045,8,paged_combined,1
8,4,DNN surrogate,0.38992,26,1,0.00281936648614713,8,paged_combined,1
8,5,DNN surrogate,0.43566,26,1,0.00277007112765195,8,paged_combined,1
8,6,DNN surrogate,0.522967,25,1,0.00330216248525035,8,paged_combined,1
8,7,DNN surrogate,0.800073,26,1,0.00275003836218323,8,paged_combined,1
8,8,DNN surrogate,0.45555,26,1,0.00274879946610376,8,paged_combined,1
8,9,DNN surrogate,0.469387,25,1,0.00328487709795264,8,paged_combined,1
8,10,DNN surrogate,0.707476,25,1,0.00327481270962417,8,paged_combined,1
8,11,DNN surrogate,0.374092,26,1,0.00277499675680802,8,paged_combined,1
8,12,DNN surrogate,0.473743,26,1,0.0027711640088299,8,paged_combined,1
8,13,DNN surrogate,0.43767,25,1,0.00327652220706527,8,paged_combined,1
8,14,DNN surrogate,0.425809,25,1,0.00326409995662873,8,paged_combined,1
8,15,DNN surrogate,0.529073,26,1,0.00276422728479375,8,paged_combined,1
8,16,DNN surrogate,0.485969,26,1,0.00274449674344053,8,paged_combined,1
8,17,DNN surrogate,0.501837,26,1,0.00278066171796954,8,paged_combined,1
8,18,DNN surrogate,0.724628,26,1,0.00275395015278604,8,paged_combined,1
8,19,DNN surrogate,0.533607,25,1,0.00321944748564164,8,paged_combined,1
8,20,DNN surrogate,0.471361,26,1,0.00275549428615537,8,paged_combined,1
10,1,CG,40.328181,24,1,0.00316772325570648,0,cg_dense,1
10,2,CG,40.907291,24,1,0.00316772325570648,0,cg_dense,1
10,3,CG,39.126971,24,1,0.00316772325570648,0,cg_dense,1
10,4,CG,65.61083,24,1,0.00316599662750247,0,cg_dense,1
10,5,CG,45.280646,24,1,0.00316668122003603,0,cg_dense,1
10,6,CG,57.526718,24,1,0.00316473556222175,0,cg_dense,1
10,7,CG,50.308862,24,1,0.00317505910311022,0,cg_dense,1
10,8,CG,35.847458,24,1,0.00315158687829478,0,cg_dense,1
10,9,CG,42.888844,24,1,0.00317449441002686,0,cg_dense,1
10,10,CG,42.721267,24,1,0.0031619276629143,0,cg_dense,1
10,11,CG,42.42164,24,1,0.00316370887094005,0,cg_dense,1
10,12,CG,35.69442,24,1,0.00314248957704823,0,cg_dense,1
10,13,CG,45.151958,24,1,0.00316250053117646,0,cg_dense,1
10,14,CG,43.628416,24,1,0.00315360460768356,0,cg_dense,1
10,15,CG,43.675914,24,1,0.00315931499386,0,cg_dense,1
10,16,CG,43.865397,24,1,0.00316385445862449,0,cg_dense,1
10,17,CG,43.788488,24,1,0.00316943426671036,0,cg_dense,1
10,18,CG,49.848397,24,1,0.00317787279111516,0,cg_dense,1
10,19,CG,42.382394,24,1,0.00316695742834636,0,cg_dense,1
10,20,CG,49.012826,24,1,0.00315999670055922,0,cg_dense,1
10,1,DNN surrogate,1.085215,26,1,0.00273536514070044,8,paged_combined,1
10,2,DNN surrogate,0.939595,26,1,0.00273536514070044,8,paged_combined,1
10,3,DNN surrogate,1.21516,26,1,0.00273536514070044,8,paged_combined,1
10,4,DNN surrogate,0.710046,26,1,0.00276936937287794,8,paged_combined,1
10,5,DNN surrogate,0.820345,26,1,0.00274880178739842,8,paged_combined,1
10,6,DNN surrogate,0.62252,25,1,0.00328113790653786,8,paged_combined,1
10,7,DNN surrogate,0.917551,26,1,0.00276534488596567,8,paged_combined,1
10,8,DNN surrogate,1.15771,25,1,0.00327635703825676,8,paged_combined,1
10,9,DNN surrogate,0.61483,26,1,0.00277935824395423,8,paged_combined,1
10,10,DNN surrogate,0.839801,26,1,0.00275401473045992,8,paged_combined,1
10,11,DNN surrogate,0.780859,25,1,0.00323825862819871,8,paged_combined,1
10,12,DNN surrogate,0.561663,25,1,0.00328583532230524,8,paged_combined,1
10,13,DNN surrogate,0.961278,26,1,0.0027929034525389,8,paged_combined,1
10,14,DNN surrogate,0.726701,25,1,0.0032424329062492,8,paged_combined,1
10,15,DNN surrogate,0.665282,26,1,0.00278915465781912,8,paged_combined,1
10,16,DNN surrogate,0.808114,26,1,0.00276686398275352,8,paged_combined,1
10,17,DNN surrogate,0.650318,26,1,0.00279676674601081,8,paged_combined,1
10,18,DNN surrogate,0.706102,26,1,0.00284316891534711,8,paged_combined,1
10,19,DNN surrogate,0.925746,26,1,0.00279600613073833,8,paged_combined,1
10,20,DNN surrogate,0.774228,26,1,0.0027930327444046,8,paged_combined,1
20,1,CG,246.990007,24,1,0.00316772325570666,0,cg_dense,1
20,2,CG,243.87853,24,1,0.00316772325570666,0,cg_dense,1
20,3,CG,257.666469,24,1,0.00316772325570666,0,cg_dense,1
20,4,CG,283.313612,24,1,0.00315826598159572,0,cg_dense,1
20,5,CG,316.209745,24,1,0.0031628349470165,0,cg_dense,1
20,6,CG,227.168922,24,1,0.0031707769592059,0,cg_dense,1
20,7,CG,255.987489,24,1,0.00316633799029394,0,cg_dense,1
20,8,CG,271.200763,24,1,0.00315862441536644,0,cg_dense,1
20,9,CG,268.259194,24,1,0.00316002417896613,0,cg_dense,1
20,10,CG,268.775223,24,1,0.00316305114531085,0,cg_dense,1
20,11,CG,305.50582,24,1,0.0031629507241269,0,cg_dense,1
20,12,CG,302.331394,24,1,0.00316354084998355,0,cg_dense,1
20,13,CG,227.121385,24,1,0.00316360701952433,0,cg_dense,1
20,14,CG,257.772182,24,1,0.0031672693359695,0,cg_dense,1
20,15,CG,262.105686,24,1,0.00315744084201437,0,cg_dense,1
20,16,CG,293.474533,24,1,0.00316260491227594,0,cg_dense,1
20,17,CG,237.299149,24,1,0.00316469763228072,0,cg_dense,1
20,18,CG,243.526418,24,1,0.00316355043724182,0,cg_dense,1
20,19,CG,259.624377,24,1,0.00316536122447736,0,cg_dense,1
20,20,CG,278.38531,24,1,0.00316384240748106,0,cg_dense,1
20,1,DNN surrogate,2.743294,26,1,0.00273536514070045,8,paged_combined,1
20,2,DNN surrogate,2.750574,26,1,0.00273536514070045,8,paged_combined,1
20,3,DNN surrogate,2.715665,26,1,0.00273536514070045,8,paged_combined,1
20,4,DNN surrogate,2.703798,25,1,0.0032710236303907,8,paged_combined,1
20,5,DNN surrogate,3.230123,26,1,0.00279607591921859,8,paged_combined,1
20,6,DNN surrogate,4.441577,26,1,0.00278054951930093,8,paged_combined,1
20,7,DNN surrogate,3.11384,26,1,0.00280661379360113,8,paged_combined,1
20,8,DNN surrogate,2.883031,26,1,0.00277695918180854,8,paged_combined,1
20,9,DNN surrogate,2.687186,26,1,0.00275216880717924,8,paged_combined,1
20,10,DNN surrogate,2.576386,25,1,0.00329610613071929,8,paged_combined,1
20,11,DNN surrogate,2.742632,25,1,0.00329714523550093,8,paged_combined,1
20,12,DNN surrogate,3.874922,26,1,0.00280804687264153,8,paged_combined,1
20,13,DNN surrogate,2.663644,25,1,0.00328718446440714,8,paged_combined,1
20,14,DNN surrogate,3.727574,26,1,0.00283255503033382,8,paged_combined,1
20,15,DNN surrogate,2.756423,26,1,0.00276667315957843,8,paged_combined,1
20,16,DNN surrogate,3.491432,26,1,0.00274428344308683,8,paged_combined,1
20,17,DNN surrogate,2.524232,25,1,0.00324513589190408,8,paged_combined,1
20,18,DNN surrogate,4.179866,25,1,0.00326996141436012,8,paged_combined,1
20,19,DNN surrogate,3.072179,26,1,0.00276542424764839,8,paged_combined,1
20,20,DNN surrogate,2.581464,25,1,0.00329594614091713,8,paged_combined,1
30,1,CG,1859.609158,24,1,0.00316772325570664,0,cg_dense,1
30,2,CG,1620.717474,24,1,0.00316772325570664,0,cg_dense,1
30,3,CG,1477.892405,24,1,0.00316772325570664,0,cg_dense,1
30,4,CG,1711.482845,24,1,0.00316072635790264,0,cg_dense,1
30,5,CG,1752.563337,24,1,0.00316564886976793,0,cg_dense,1
30,1,DNN surrogate,5.821512,26,1,0.00273536514070045,8,paged_combined,1
30,2,DNN surrogate,5.926789,26,1,0.00273536514070045,8,paged_combined,1
30,3,DNN surrogate,6.776923,26,1,0.00273536514070045,8,paged_combined,1
30,4,DNN surrogate,8.324412,26,1,0.00276211374657661,8,paged_combined,1
30,5,DNN surrogate,5.780462,26,1,0.00273927859119194,8,paged_combined,1
30,6,DNN surrogate,9.489538,26,1,0.0027561468310921,8,paged_combined,1
30,7,DNN surrogate,7.961567,25,1,0.00325718803212686,8,paged_combined,1
30,8,DNN surrogate,5.662122,25,1,0.00327660518624013,8,paged_combined,1
30,9,DNN surrogate,5.916362,26,1,0.0027888030130413,8,paged_combined,1
30,10,DNN surrogate,6.448533,26,1,0.00276282775649543,8,paged_combined,1
30,11,DNN surrogate,6.121685,26,1,0.00273886189943601,8,paged_combined,1
30,12,DNN surrogate,5.89074,25,1,0.0032434634166526,8,paged_combined,1
30,13,DNN surrogate,6.132787,26,1,0.00275338175584192,8,paged_combined,1
30,14,DNN surrogate,5.87495,26,1,0.00279413714870119,8,paged_combined,1
30,15,DNN surrogate,6.15842,25,1,0.00326455740945321,8,paged_combined,1
30,16,DNN surrogate,6.325106,25,1,0.00330172321389609,8,paged_combined,1
30,17,DNN surrogate,10.73098,26,1,0.00281455316392751,8,paged_combined,1
30,18,DNN surrogate,6.467477,26,1,0.00277695712099216,8,paged_combined,1
30,19,DNN surrogate,8.467157,25,1,0.0032816611992247,8,paged_combined,1
30,20,DNN surrogate,8.640111,26,1,0.00274230390958774,8,paged_combined,1
40,1,CG,5736.246919,24,1,0.00316772325570647,0,cg_dense,1
40,2,CG,5834.738801,24,1,0.00316772325570647,0,cg_dense,1
40,3,CG,6018.351552,24,1,0.00316772325570647,0,cg_dense,1
40,4,CG,6322.909103,24,1,0.00316312200140711,0,cg_dense,1
40,5,CG,5862.421568,24,1,0.00316455705141715,0,cg_dense,1
40,1,DNN surrogate,11.633569,26,1,0.00273536514070045,8,paged_combined,1
40,2,DNN surrogate,11.642473,26,1,0.00273536514070045,8,paged_combined,1
40,3,DNN surrogate,10.848223,26,1,0.00273536514070045,8,paged_combined,1
40,4,DNN surrogate,11.442349,25,1,0.0032873796503285,8,paged_combined,1
40,5,DNN surrogate,14.660787,26,1,0.00279419056231336,8,paged_combined,1
40,6,DNN surrogate,9.780638,25,1,0.00330086367873275,8,paged_combined,1
40,7,DNN surrogate,10.306542,26,1,0.00276035183050201,8,paged_combined,1
40,8,DNN surrogate,11.053918,26,1,0.00275891912783284,8,paged_combined,1
40,9,DNN surrogate,10.847245,26,1,0.00278383601441946,8,paged_combined,1
40,10,DNN surrogate,10.424761,25,1,0.00329279263243799,8,paged_combined,1
40,11,DNN surrogate,11.686839,25,1,0.00330878959450177,8,paged_combined,1
40,12,DNN surrogate,10.879857,25,1,0.00329815559043115,8,paged_combined,1
40,13,DNN surrogate,17.792135,25,1,0.00328655305853271,8,paged_combined,1
40,14,DNN surrogate,23.24642,26,1,0.00274602691577111,8,paged_combined,1
40,15,DNN surrogate,24.337656,26,1,0.00274748823333602,8,paged_combined,1
40,16,DNN surrogate,10.678193,26,1,0.00273962691164131,8,paged_combined,1
40,17,DNN surrogate,14.706839,26,1,0.00275477315817101,8,paged_combined,1
40,18,DNN surrogate,10.639388,26,1,0.00280497187340942,8,paged_combined,1
40,19,DNN surrogate,11.501965,26,1,0.0027641376717147,8,paged_combined,1
40,20,DNN surrogate,11.542267,26,1,0.00275190620955697,8,paged_combined,1
